id,nome,cpf_masked,cpf_full,matricula,descricao_cargo,org_lotacao,tipo_aposentadoria,data_aposentadoria,tipo_vinculo,situacao_vinculo,regime_juridico,jornada_trabalho,data_ingresso_cargofuncao,data_ingresso_orgao,enrichment_status,manual_review_reason,updated_at,batch_filename,batch_created_at,rf_obito,rf_situacao,rf_ano_obito,remuneracao_bruta,remuneracao_liquida,orgao_exercicio,funcao_cargo,pep_flag,bolsa_familia_flag,viagens_count,portal_partial,lemitti_obito,telefone_1,telefone_1_whatsapp,telefone_1_score,telefone_2,telefone_2_whatsapp,telefone_2_score,email_1,email_2,endereco_logradouro,endereco_cidade,endereco_uf,endereco_cep,data_nascimento,nome_mae,lemitti_partial
52047122-3fff-47d1-b3aa-6e3de3602160,ADRIANA DE MOURA LACERDA,***.945.927-**,12594592765,178****,MEDICO RESIDENTE,Comando da Aeron·utica,,,Cargo,RESIDENCIA E PMM,MEDICO RESIDENTE,60 HORAS SEMANAIS,2026-03-01,2026-03-01,portal_done,,2026-08-24 05:00:13.416987+00:00,Medicos Residentes - Ministerio da Defesa.xlsx - Planilha1.csv,2026-07-23 11:00:49.785299+00:00,False,,,,,,,False,,,True,False,21990530606,True,1,5137378331,False,1,dri.lacerda89@gmail.com,drizinha_dark@hotmail.com,R  LUTECIA,RIO DE JANEIRO,RJ,21720070,1989-04-11,DULCE DE MOURA LACERDA,False
d476d0c6-2bf1-4022-b9dd-473bc32ae580,ALANA COSTA SANTANA,***.339.307-**,15833930723,345****,MEDICO RESIDENTE,Comando da Marinha,,,Cargo,RESIDENCIA E PMM,MEDICO RESIDENTE,60 HORAS SEMANAIS,2025-03-01,2025-03-01,portal_done,,2026-08-24 05:00:36.355498+00:00,Medicos Residentes - Ministerio da Defesa.xlsx - Planilha1.csv,2026-07-23 11:00:49.785299+00:00,False,,,,,,,False,,,True,False,21992449152,False,1,,,,alana_costa20@hotmail.com,,R  SIDNEI VASCONCELOS AGUIAR,MACAE,RJ,27937010,1997-10-20,MARIA DE LOURDES CARVALHO COSTA SANTANA,False
60d93625-aad3-4b01-af07-edfa9c45499b,ALICE BERRIEL MENDES,***.566.497-**,14656649716,339****,MEDICO RESIDENTE,Comando da Marinha,,,Cargo,RESIDENCIA E PMM,MEDICO RESIDENTE,60 HORAS SEMANAIS,2024-03-01,2024-03-01,portal_done,,2026-08-24 05:00:48.970478+00:00,Medicos Residentes - Ministerio da Defesa.xlsx - Planilha1.csv,2026-07-23 11:00:49.785299+00:00,False,,,,,,,False,,,True,False,21995225693,True,1,2132699030,False,1,aliceberrielmendes@gmail.com,aliceberrielmendes321@gmail.com,R DR PAULO CESAR,NITEROI,RJ,24220401,2000-06-24,ALESSANDRA DE OLIVEIRA BERRIEL,False
811b9518-4180-4bfc-aa70-559d5984922d,ALINE DE OLIVEIRA DANTAS,***.983.587-**,16698358711,132****,MEDICO RESIDENTE,Comando da Aeron·utica,,,Cargo,RESIDENCIA E PMM,MEDICO RESIDENTE,60 HORAS SEMANAIS,2026-03-02,2026-03-02,portal_done,,2026-08-24 05:01:44.785446+00:00,Medicos Residentes - Ministerio da Defesa.xlsx - Planilha1.csv,2026-07-23 11:00:49.785299+00:00,False,,,,,,,False,,,True,False,21983506958,True,1,,,,alinedantas27@yahoo.com.br,,R MIN RAUL FERNANDES,RIO DE JANEIRO,RJ,22260040,1997-02-25,JOSELMA DA SILVA OLIVEIRA,False
493af770-681b-4388-8a66-a789f8539fea,ALINE PERTILE ZANON,***.078.018-**,,340****,MEDICO RESIDENTE,Comando da Aeron·utica,,,Cargo,RESIDENCIA E PMM,MEDICO RESIDENTE,60 HORAS SEMANAIS,2024-03-01,2024-03-01,cpf_decoding,,2026-07-23 17:56:44.874007+00:00,Medicos Residentes - Ministerio da Defesa.xlsx - Planilha1.csv,2026-07-23 11:00:49.785299+00:00,,,,,,,,,,,,,,,,,,,,,,,,,,,
1a9499b3-e3e0-4c85-a886-1e9bb29b6acc,AMANDA FARANSIS FRANCIS,***.840.987-**,17984098794,352****,MEDICO RESIDENTE,Comando da Marinha,,,Cargo,RESIDENCIA E PMM,MEDICO RESIDENTE,60 HORAS SEMANAIS,2026-03-01,2026-03-01,portal_done,,2026-08-24 05:02:07.523599+00:00,Medicos Residentes - Ministerio da Defesa.xlsx - Planilha1.csv,2026-07-23 11:00:49.785299+00:00,False,,,,,,,False,,,True,False,,,,,,,,,,,,,2001-10-03,MARI FARANSIS FRANCIS,True
98b0678a-c04a-4a15-8797-76a027089989,ANA BEATRIZ DE LIMA ANDRADE,***.704.107-**,17670410710,352****,MEDICO RESIDENTE,Comando da Aeron·utica,,,Cargo,RESIDENCIA E PMM,MEDICO RESIDENTE,60 HORAS SEMANAIS,2026-03-01,2026-03-01,portal_done,,2026-08-24 05:02:16.122931+00:00,Medicos Residentes - Ministerio da Defesa.xlsx - Planilha1.csv,2026-07-23 11:00:49.785299+00:00,False,,,,,,,False,,,True,False,,,,,,,,,AV DR GERALDO DE MELO OURIVIO,NITEROI,RJ,24346030,2000-10-02,SILVANIA DE LIMA ANDRADE,False
4eef8cd0-3bff-4e9f-9d35-01a7125599e9,ANA BEATRIZ DE MORAES ELIAS,***.112.187-**,,345****,MEDICO RESIDENTE,Comando da Marinha,,,Cargo,RESIDENCIA E PMM,RESIDENCIA MULTIPROFISSIONAL,60 HORAS SEMANAIS,2025-03-01,2025-03-01,cpf_decoding,,2026-07-23 18:19:20.268451+00:00,Medicos Residentes - Ministerio da Defesa.xlsx - Planilha1.csv,2026-07-23 11:00:49.785299+00:00,,,,,,,,,,,,,,,,,,,,,,,,,,,
d39c01d5-e474-42ee-a24b-b43a62b4183a,ANA CAROLINA COUTINHO VEIGA,***.361.257-**,14536125728,339****,MEDICO RESIDENTE,Comando da Marinha,,,Cargo,RESIDENCIA E PMM,MEDICO RESIDENTE,60 HORAS SEMANAIS,2024-03-01,2024-03-01,portal_done,,2026-08-24 05:01:48.365344+00:00,Medicos Residentes - Ministerio da Defesa.xlsx - Planilha1.csv,2026-07-23 11:00:49.785299+00:00,False,,,,,,,False,,,True,False,21980840044,True,1,21972092557,True,2,ana.cveiga@outlook.com,ana_krokinha_@hotmail.com,R  DO IMPERADOR,PETROPOLIS,RJ,25620001,1994-12-03,JACKELINE COUTINHO VEIGA,False
40cdfae6-aebd-497d-aac2-1ace5f584c72,ANA CAROLINA DE ALVAREZ PEREIRA,***.538.517-**,18653851747,352****,MEDICO RESIDENTE,Comando da Marinha,,,Cargo,RESIDENCIA E PMM,MEDICO RESIDENTE,60 HORAS SEMANAIS,2026-03-01,2026-03-01,portal_done,,2026-08-24 05:01:00.926881+00:00,Medicos Residentes - Ministerio da Defesa.xlsx - Planilha1.csv,2026-07-23 11:00:49.785299+00:00,False,,,,,,,False,,,True,False,,,,,,,carolpereira11@hotmail.com.br,carolpereira11@hotmail.com,R  DOMINGUES DE SA,NITEROI,RJ,24220091,2000-01-10,ALINE PALMA DE ALVAREZ PEREIRA,False
75cd64cc-ca1e-4c9c-8514-0d2cbf1ba05c,ANA CAROLINA PIRES DE AZEVEDO,***.868.647-**,15686864713,352****,MEDICO RESIDENTE,Comando da Aeron·utica,,,Cargo,RESIDENCIA E PMM,MEDICO RESIDENTE,60 HORAS SEMANAIS,2026-03-01,2026-03-01,portal_done,,2026-08-24 05:00:59.310545+00:00,Medicos Residentes - Ministerio da Defesa.xlsx - Planilha1.csv,2026-07-23 11:00:49.785299+00:00,False,,,,,,,False,,,True,False,,,,,,,a.carolinapiress@gmail.com,,R  N,VOLTA REDONDA,RJ,27251175,2001-02-05,ZILMA PIRES HONORIO,False
6c293375-7d78-45f4-8211-6692d6a284bd,ANA CAROLINA RAK BUENO,***.953.729-**,07995372922,339****,MEDICO RESIDENTE,Comando da Aeron·utica,,,Cargo,RESIDENCIA E PMM,MEDICO RESIDENTE,60 HORAS SEMANAIS,2024-03-01,2024-03-01,portal_done,,2026-08-24 05:01:43.950307+00:00,Medicos Residentes - Ministerio da Defesa.xlsx - Planilha1.csv,2026-07-23 11:00:49.785299+00:00,False,,,,,,,False,,,True,False,,,,,,,carolrkb@hotmail.com,ana-misa@hotmail.com,R  IBIS,ARAPONGAS,PR,86700265,1996-10-16,LUCIANA RAK BUENO,False
ef09b8ad-e127-4bf3-810e-af8dc5b85ba0,ANA CAROLINE APARECIDA TEIXEIRA ROSA,***.649.076-**,10664907679,352****,MEDICO RESIDENTE,Comando da Aeron·utica,,,Cargo,RESIDENCIA E PMM,MEDICO RESIDENTE,60 HORAS SEMANAIS,2026-03-01,2026-03-01,portal_done,,2026-08-24 05:01:02.313636+00:00,Medicos Residentes - Ministerio da Defesa.xlsx - Planilha1.csv,2026-07-23 11:00:49.785299+00:00,False,,,,,,,False,,,True,False,67981016878,True,1,3436612661,False,1,ana.caroline3336@gmail.com,anacaroline3336@gmail.com,R  OMAR DUMONT FILHO,ARAXA,MG,38183282,1997-09-12,ELISETY MARCIA TEIXEIRA,False
fe003382-cb07-4a1e-919a-d8e0e33ed081,ANA CLARA ARIDI DE SOUZA,***.326.357-**,16632635741,339****,MEDICO RESIDENTE,Comando da Marinha,,,Cargo,RESIDENCIA E PMM,MEDICO RESIDENTE,60 HORAS SEMANAIS,2024-03-01,2024-03-01,portal_done,,2026-08-24 05:02:32.637658+00:00,Medicos Residentes - Ministerio da Defesa.xlsx - Planilha1.csv,2026-07-23 11:00:49.785299+00:00,False,,,,,,,False,,,True,False,2121866312,False,1,,,,cacala_aridi@hotmail.com,,R  JOAO MACHADO PAES BARRETO,CACHOEIRO DE ITAPEMIRIM,ES,29301255,1999-04-30,MANICA MALEK ARIDI DE SOUZA,False
590f0b4c-7b2b-4622-81d1-ac8889c44eb2,ANA CLARA CARDOSO BARBOSA,***.498.646-**,13049864621,352****,MEDICO RESIDENTE,Comando da Aeron·utica,,,Cargo,RESIDENCIA E PMM,MEDICO RESIDENTE,60 HORAS SEMANAIS,2026-03-01,2026-03-01,portal_done,,2026-08-24 05:01:10.580427+00:00,Medicos Residentes - Ministerio da Defesa.xlsx - Planilha1.csv,2026-07-23 11:00:49.785299+00:00,False,,,,,,,False,,,True,False,32988773841,False,1,8232215269,False,1,anaclarabarbosa@gmail.com,aninhacards@hotmail.com,R STO ANTONIO,JUIZ DE FORA,MG,36016906,1995-10-14,ELISANGELA DOS SANTOS CARDOSO,False
6d4b701b-d513-4d87-953d-9c61bc18b809,ANA CLARA DO AMARAL SOARES,***.180.667-**,18018066752,339****,MEDICO RESIDENTE,Comando da Marinha,,,Cargo,RESIDENCIA E PMM,MEDICO RESIDENTE,60 HORAS SEMANAIS,2024-03-01,2024-03-01,portal_done,,2026-08-24 05:02:26.298348+00:00,Medicos Residentes - Ministerio da Defesa.xlsx - Planilha1.csv,2026-07-23 11:00:49.785299+00:00,False,,,,,,,False,,,True,False,21999707050,False,1,,,,soares.anaclaraa@gmail.com,,AV  LUCIO MEIRA,TERESOPOLIS,RJ,25953001,1999-06-18,ANA PAULA AZEVEDO DO AMARAL,False
94e4b53d-fa46-4354-9116-45cdc99f933e,ANA CLARA FARIAS SARAIVA,***.867.537-**,14086753740,352****,MEDICO RESIDENTE,Comando da Aeron·utica,,,Cargo,RESIDENCIA E PMM,MEDICO RESIDENTE,60 HORAS SEMANAIS,2026-03-01,2026-03-01,portal_done,,2026-08-24 05:01:03.944152+00:00,Medicos Residentes - Ministerio da Defesa.xlsx - Planilha1.csv,2026-07-23 11:00:49.785299+00:00,False,,,,,,,False,,,True,False,21982009980,True,1,,,,anaclara_fs@hotmail.com,,R GEN BELEGARDE,RIO DE JANEIRO,RJ,20710003,1996-04-13,CATIA DO SOCORRO FARIAS SARAIVA,False
cb014029-1314-43dc-9651-05995d84af23,ANA FLAVIA NOGUEIRA CASTRO,***.028.566-**,07202856662,352****,MEDICO RESIDENTE,Comando da Marinha,,,Cargo,RESIDENCIA E PMM,MEDICO RESIDENTE,60 HORAS SEMANAIS,2026-03-01,2026-03-01,portal_done,,2026-08-24 05:00:31.971142+00:00,Medicos Residentes - Ministerio da Defesa.xlsx - Planilha1.csv,2026-07-23 11:00:49.785299+00:00,False,,,,,,,False,,,True,False,,,,,,,,,  MARIO RIBEIRO JUNQUEIRA,CONCEICAO DO RIO VERDE,MG,37430000,1998-06-13,KARINE THEOFILO NOGUEIRA CASTRO,False
f624783e-ff4f-4b79-b460-1deed31092d9,ANA GASPAR DE OLIVEIRA SANTOS,***.197.977-**,10519797736,333****,MEDICO RESIDENTE,Comando da Aeron·utica,,,Cargo,RESIDENCIA E PMM,MEDICO RESIDENTE,60 HORAS SEMANAIS,2023-03-01,2023-03-01,portal_done,,2026-08-24 05:01:34.630737+00:00,Medicos Residentes - Ministerio da Defesa.xlsx - Planilha1.csv,2026-07-23 11:00:49.785299+00:00,False,,,,,,,False,,,True,False,2126080150,False,1,,,,anaagaspar@gmail.com,,R  ALVARO MONTEIRO DE CARVALHO,NITEROI,RJ,24344000,1989-09-30,MARIA GASPAR DE OLIVEIRA SANTOS,False
819c71fb-5028-42b7-83e4-284ea575237b,ANA LUISA MIGUEL MARQUES ESCOCARD,***.970.287-**,11897028784,345****,MEDICO RESIDENTE,Comando da Marinha,,,Cargo,RESIDENCIA E PMM,MEDICO RESIDENTE,60 HORAS SEMANAIS,2025-03-01,2025-03-01,portal_done,,2026-08-24 05:02:14.749743+00:00,Medicos Residentes - Ministerio da Defesa.xlsx - Planilha1.csv,2026-07-23 11:00:49.785299+00:00,False,,,,,,,False,,,True,False,,,,,,,ana_luisamm@hotmail.com,,R  COELHO NETO,SERRA,ES,29164045,1997-12-30,GISALBA MARIA DE ALMEIDA MIGUEL MARQUES,False
18637b3e-fc2d-46df-8381-c06c8afb48f1,ANA PAULA BERNARDO DA SILVA,***.333.894-**,01233389483,345****,MEDICO RESIDENTE,Comando da Marinha,,,Cargo,RESIDENCIA E PMM,RESIDENCIA MULTIPROFISSIONAL,60 HORAS SEMANAIS,2025-03-01,2025-03-01,portal_done,,2026-08-24 05:02:29.187335+00:00,Medicos Residentes - Ministerio da Defesa.xlsx - Planilha1.csv,2026-07-23 11:00:49.785299+00:00,False,,,,,,,False,,,True,False,22981423410,True,1,8131834502,False,1,ana_p_bernardo_@hotmail.com,,R  QUINZE DE NOVEMBRO,ARARUAMA,RJ,28970000,1983-01-03,LINDINALVA BERNARDO JACINTO,False
f09dcaf5-beab-47b6-9343-88a587ecc748,ANANDA PETRUCCI BRAGA MOERBECK REIS,***.818.637-**,13181863742,340****,MEDICO RESIDENTE,Comando da Aeron·utica,,,Cargo,RESIDENCIA E PMM,MEDICO RESIDENTE,60 HORAS SEMANAIS,2024-03-01,2024-03-01,portal_done,,2026-08-24 05:01:48.953564+00:00,Medicos Residentes - Ministerio da Defesa.xlsx - Planilha1.csv,2026-07-23 11:00:49.785299+00:00,False,,,,,,,False,,,True,False,21999896932,True,1,21997602206,False,2,anandapetrucci@hotmail.com,ananda_pbmr@hotmail.com,R  PEDRO DE CARVALHO,RIO DE JANEIRO,RJ,20725232,1996-03-06,ELOAH PETRUCCI BRAGA REIS,False
191b2f20-8446-48ac-8688-f8e4d4c2327e,ANDERSON FERREIRA BASTOS JUNIOR,***.281.477-**,14728147703,352****,MEDICO RESIDENTE,Comando da Aeron·utica,,,Cargo,RESIDENCIA E PMM,MEDICO RESIDENTE,60 HORAS SEMANAIS,2026-03-02,2026-03-02,portal_done,,2026-08-24 05:01:22.722585+00:00,Medicos Residentes - Ministerio da Defesa.xlsx - Planilha1.csv,2026-07-23 11:00:49.785299+00:00,False,,,,,,,False,,,True,False,22998783177,True,1,22999296753,True,2,anderson-ferreira05@hotmail.com,anderson-ferreira05@hotmail.com,PC  AMARO DOS SANTOS SILVA,CAMPOS DOS GOYTACAZES,RJ,28022660,1998-10-16,GIZELE ANDRADE PIRES,False
bc7fb949-111b-4fa0-a7ee-3c3bdd10ba32,ANDERSON WESLEY DE SOUZA DIAS,***.593.811-**,02259381111,352****,MEDICO RESIDENTE,Comando da Aeron·utica,,,Cargo,RESIDENCIA E PMM,MEDICO RESIDENTE,60 HORAS SEMANAIS,2026-03-01,2026-03-01,portal_done,,2026-08-24 05:01:35.274192+00:00,Medicos Residentes - Ministerio da Defesa.xlsx - Planilha1.csv,2026-07-23 11:00:49.785299+00:00,False,,,,,,,False,,,True,False,67998254412,True,1,,,,wesley.away@hotmail.com,,R  MATIAS JOAO TAVARES,SAO PAULO,SP,08295120,1989-06-30,NEIDE MARIA DE SOUZA,False
e2f240e4-e6a3-4726-81fc-5de5d3b5783e,ANDRE LUIZ DE HOLLANDA COELHO,***.589.957-**,,346****,MEDICO RESIDENTE,Comando da Aeron·utica,,,Cargo,RESIDENCIA E PMM,MEDICO RESIDENTE,60 HORAS SEMANAIS,2025-03-01,2025-03-01,cpf_decoding,,2026-07-23 19:38:02.948714+00:00,Medicos Residentes - Ministerio da Defesa.xlsx - Planilha1.csv,2026-07-23 11:00:49.785299+00:00,,,,,,,,,,,,,,,,,,,,,,,,,,,
7a0901f4-9922-4032-82d4-58d0e3039da2,ANDRE LUIZ RIBEIRO DEL CARO,***.752.606-**,,133****,MEDICO RESIDENTE,Comando da Aeron·utica,,,Cargo,RESIDENCIA E PMM,MEDICO RESIDENTE,60 HORAS SEMANAIS,2025-03-01,2025-03-01,cpf_decoding,,2026-07-23 11:18:30.795037+00:00,Medicos Residentes - Ministerio da Defesa.xlsx - Planilha1.csv,2026-07-23 11:00:49.785299+00:00,,,,,,,,,,,,,,,,,,,,,,,,,,,
c580df32-2811-4b48-aaa7-c84669604793,ANDRE MARUO PALIS,***.697.167-**,,352****,MEDICO RESIDENTE,Comando da Marinha,,,Cargo,RESIDENCIA E PMM,MEDICO RESIDENTE,60 HORAS SEMANAIS,2026-03-01,2026-03-01,cpf_decoding,,2026-07-23 11:18:32.138415+00:00,Medicos Residentes - Ministerio da Defesa.xlsx - Planilha1.csv,2026-07-23 11:00:49.785299+00:00,,,,,,,,,,,,,,,,,,,,,,,,,,,
95eee32d-6c80-4c82-a7fc-dd0186282652,ANDRE TOME DE SOUZA,***.175.747-**,,353****,MEDICO RESIDENTE,Comando da Aeron·utica,,,Cargo,RESIDENCIA E PMM,MEDICO RESIDENTE,60 HORAS SEMANAIS,2026-03-13,2026-03-13,cpf_decoding,,2026-07-23 11:18:33.316093+00:00,Medicos Residentes - Ministerio da Defesa.xlsx - Planilha1.csv,2026-07-23 11:00:49.785299+00:00,,,,,,,,,,,,,,,,,,,,,,,,,,,
bf87b09a-2136-4e2c-98fb-a22792bfe447,ANDREW KENUPP HERMENEGILDO,***.016.077-**,,346****,MEDICO RESIDENTE,Comando da Aeron·utica,,,Cargo,RESIDENCIA E PMM,MEDICO RESIDENTE,60 HORAS SEMANAIS,2025-03-01,2025-03-01,cpf_decoding,,2026-07-23 11:18:34.849685+00:00,Medicos Residentes - Ministerio da Defesa.xlsx - Planilha1.csv,2026-07-23 11:00:49.785299+00:00,,,,,,,,,,,,,,,,,,,,,,,,,,,
5e5c8454-3023-41e5-b7a0-1c7c139c791d,ANDREWS ALVES SIQUEIRA DE MIRANDA,***.428.704-**,,346****,MEDICO RESIDENTE,Comando da Aeron·utica,,,Cargo,RESIDENCIA E PMM,MEDICO RESIDENTE,60 HORAS SEMANAIS,2025-03-01,2025-03-01,cpf_decoding,,2026-07-23 11:18:36.018320+00:00,Medicos Residentes - Ministerio da Defesa.xlsx - Planilha1.csv,2026-07-23 11:00:49.785299+00:00,,,,,,,,,,,,,,,,,,,,,,,,,,,
879c1da0-b92b-4d8b-bdb5-e87f196f85b7,ANGELO ACCETTA VIEIRA,***.402.207-**,,346****,MEDICO RESIDENTE,Comando da Aeron·utica,,,Cargo,RESIDENCIA E PMM,MEDICO RESIDENTE,60 HORAS SEMANAIS,2025-03-01,2025-03-01,cpf_decoding,,2026-07-23 11:18:37.551912+00:00,Medicos Residentes - Ministerio da Defesa.xlsx - Planilha1.csv,2026-07-23 11:00:49.785299+00:00,,,,,,,,,,,,,,,,,,,,,,,,,,,
282aaddc-a181-4bd2-8a25-920539f57695,ANGELO THOMAZ ABALADA GHETTI,***.684.597-**,,345****,MEDICO RESIDENTE,Comando da Aeron·utica,,,Cargo,RESIDENCIA E PMM,MEDICO RESIDENTE,60 HORAS SEMANAIS,2025-03-01,2025-03-01,cpf_decoding,,2026-07-23 11:18:38.630796+00:00,Medicos Residentes - Ministerio da Defesa.xlsx - Planilha1.csv,2026-07-23 11:00:49.785299+00:00,,,,,,,,,,,,,,,,,,,,,,,,,,,
989a7af9-bba6-4115-960f-2539b45cd1d2,ANNA BEATRIZ CAPRINI MONTEIRO DE CASTRO,***.340.287-**,,345****,MEDICO RESIDENTE,Comando da Marinha,,,Cargo,RESIDENCIA E PMM,MEDICO RESIDENTE,60 HORAS SEMANAIS,2025-03-01,2025-03-01,cpf_decoding,,2026-07-23 11:18:39.872709+00:00,Medicos Residentes - Ministerio da Defesa.xlsx - Planilha1.csv,2026-07-23 11:00:49.785299+00:00,,,,,,,,,,,,,,,,,,,,,,,,,,,
51ef95c4-ec54-4134-8d52-7792bc8e63eb,ANNA BEATRIZ DE CAMARGO VIEIRA,***.316.837-**,,345****,MEDICO RESIDENTE,Comando da Marinha,,,Cargo,RESIDENCIA E PMM,RESIDENCIA MULTIPROFISSIONAL,60 HORAS SEMANAIS,2025-03-01,2025-03-01,cpf_decoding,,2026-07-23 11:18:40.901879+00:00,Medicos Residentes - Ministerio da Defesa.xlsx - Planilha1.csv,2026-07-23 11:00:49.785299+00:00,,,,,,,,,,,,,,,,,,,,,,,,,,,
899cfe07-5445-45d0-8ea7-dca9a7f713ca,ANNA LUIZA GUIMARAES FRAGA,***.835.627-**,,346****,MEDICO RESIDENTE,Comando da Marinha,,,Cargo,RESIDENCIA E PMM,MEDICO RESIDENTE,60 HORAS SEMANAIS,2025-03-01,2025-03-01,cpf_decoding,,2026-07-23 11:18:42.492862+00:00,Medicos Residentes - Ministerio da Defesa.xlsx - Planilha1.csv,2026-07-23 11:00:49.785299+00:00,,,,,,,,,,,,,,,,,,,,,,,,,,,
d45a248e-03ea-47bb-b523-fa188ad6fa82,ANTONIA CAMARGO DE ALMEIDA,***.784.477-**,,345****,MEDICO RESIDENTE,Comando da Marinha,,,Cargo,RESIDENCIA E PMM,MEDICO RESIDENTE,60 HORAS SEMANAIS,2025-03-01,2025-03-01,cpf_decoding,,2026-07-23 11:18:43.464777+00:00,Medicos Residentes - Ministerio da Defesa.xlsx - Planilha1.csv,2026-07-23 11:00:49.785299+00:00,,,,,,,,,,,,,,,,,,,,,,,,,,,
a10b8c85-2b76-4ef7-802f-3da304e61d68,ANTONIO LEITE MEIRELLES GASPAR,***.707.457-**,,352****,MEDICO RESIDENTE,Comando da Marinha,,,Cargo,RESIDENCIA E PMM,MEDICO RESIDENTE,60 HORAS SEMANAIS,2026-03-01,2026-03-01,cpf_decoding,,2026-07-23 11:18:44.450756+00:00,Medicos Residentes - Ministerio da Defesa.xlsx - Planilha1.csv,2026-07-23 11:00:49.785299+00:00,,,,,,,,,,,,,,,,,,,,,,,,,,,
b1b14794-4a7b-4fd8-a334-bdcfb383846c,ARIENE BRITO DO AMARAL,***.428.577-**,,352****,MEDICO RESIDENTE,Comando da Marinha,,,Cargo,RESIDENCIA E PMM,MEDICO RESIDENTE,60 HORAS SEMANAIS,2026-03-01,2026-03-01,cpf_decoding,,2026-07-23 11:18:45.521302+00:00,Medicos Residentes - Ministerio da Defesa.xlsx - Planilha1.csv,2026-07-23 11:00:49.785299+00:00,,,,,,,,,,,,,,,,,,,,,,,,,,,
bc35af05-04c3-4d5a-9586-cff2aeacedc3,ARTHUR BARBOSA CARDOSO,***.638.277-**,,345****,MEDICO RESIDENTE,Comando da Marinha,,,Cargo,RESIDENCIA E PMM,MEDICO RESIDENTE,60 HORAS SEMANAIS,2025-03-01,2025-03-01,cpf_decoding,,2026-07-23 11:18:46.905178+00:00,Medicos Residentes - Ministerio da Defesa.xlsx - Planilha1.csv,2026-07-23 11:00:49.785299+00:00,,,,,,,,,,,,,,,,,,,,,,,,,,,
0d5ec509-c1c0-4a4c-a212-aae4500c603f,BEATRICE RICON COUCE DE MENEZES,***.617.297-**,,340****,MEDICO RESIDENTE,Comando da Marinha,,,Cargo,RESIDENCIA E PMM,MEDICO RESIDENTE,60 HORAS SEMANAIS,2024-03-01,2024-03-01,cpf_decoding,,2026-07-23 11:18:48.196175+00:00,Medicos Residentes - Ministerio da Defesa.xlsx - Planilha1.csv,2026-07-23 11:00:49.785299+00:00,,,,,,,,,,,,,,,,,,,,,,,,,,,
1f94dcdd-7051-4e05-9fd7-5247c516820e,BEATRIZ RODRIGUES SIQUEIRA DA SILVA COSTA,***.068.256-**,,152****,MEDICO RESIDENTE,Comando da Aeron·utica,,,Cargo,RESIDENCIA E PMM,MEDICO RESIDENTE,60 HORAS SEMANAIS,2026-03-01,2026-03-01,cpf_decoding,,2026-07-23 11:18:49.433968+00:00,Medicos Residentes - Ministerio da Defesa.xlsx - Planilha1.csv,2026-07-23 11:00:49.785299+00:00,,,,,,,,,,,,,,,,,,,,,,,,,,,
4aa35434-4986-479d-be46-aea717d86e32,BEATRIZ VITORIA MOREIRA DOS SANTOS,***.816.127-**,,352****,MEDICO RESIDENTE,Comando da Marinha,,,Cargo,RESIDENCIA E PMM,MEDICO RESIDENTE,60 HORAS SEMANAIS,2026-03-01,2026-03-01,cpf_decoding,,2026-07-23 11:18:50.852401+00:00,Medicos Residentes - Ministerio da Defesa.xlsx - Planilha1.csv,2026-07-23 11:00:49.785299+00:00,,,,,,,,,,,,,,,,,,,,,,,,,,,
16e612b7-2732-47eb-ad81-d8d5bfb936e8,BRUNA BANDEIRA DE OLIVEIRA JUNQUEIRA,***.695.286-**,,345****,MEDICO RESIDENTE,Comando da Marinha,,,Cargo,RESIDENCIA E PMM,MEDICO RESIDENTE,60 HORAS SEMANAIS,2025-03-01,2025-03-01,cpf_decoding,,2026-07-23 11:18:51.829955+00:00,Medicos Residentes - Ministerio da Defesa.xlsx - Planilha1.csv,2026-07-23 11:00:49.785299+00:00,,,,,,,,,,,,,,,,,,,,,,,,,,,
256d313d-5db7-49a3-808c-085df8295d0a,BRUNA FERREIRA CABRAL,***.388.057-**,,345****,MEDICO RESIDENTE,Comando da Aeron·utica,,,Cargo,RESIDENCIA E PMM,MEDICO RESIDENTE,60 HORAS SEMANAIS,2025-03-01,2025-03-01,cpf_decoding,,2026-07-23 11:18:53.170402+00:00,Medicos Residentes - Ministerio da Defesa.xlsx - Planilha1.csv,2026-07-23 11:00:49.785299+00:00,,,,,,,,,,,,,,,,,,,,,,,,,,,
5ca1aab9-b5a6-4bd6-ad86-23110f3e4f57,BRUNA MOREIRA,***.631.926-**,,352****,MEDICO RESIDENTE,Comando da Aeron·utica,,,Cargo,RESIDENCIA E PMM,MEDICO RESIDENTE,60 HORAS SEMANAIS,2026-03-01,2026-03-01,cpf_decoding,,2026-07-23 11:18:54.516236+00:00,Medicos Residentes - Ministerio da Defesa.xlsx - Planilha1.csv,2026-07-23 11:00:49.785299+00:00,,,,,,,,,,,,,,,,,,,,,,,,,,,
99150ee1-0c0b-4a53-9903-3203be2cc6f1,BRUNA MOREIRA GAZAL,***.612.387-**,,346****,MEDICO RESIDENTE,Comando da Marinha,,,Cargo,RESIDENCIA E PMM,MEDICO RESIDENTE,60 HORAS SEMANAIS,2025-03-01,2025-03-01,cpf_decoding,,2026-07-23 11:18:55.498828+00:00,Medicos Residentes - Ministerio da Defesa.xlsx - Planilha1.csv,2026-07-23 11:00:49.785299+00:00,,,,,,,,,,,,,,,,,,,,,,,,,,,
26a32046-28be-4d36-a03f-e57f08fe2827,BRUNA TERRA NOVA GONCALVES,***.864.197-**,,346****,MEDICO RESIDENTE,Comando da Aeron·utica,,,Cargo,RESIDENCIA E PMM,MEDICO RESIDENTE,60 HORAS SEMANAIS,2025-03-01,2025-03-01,cpf_decoding,,2026-07-23 11:18:56.415444+00:00,Medicos Residentes - Ministerio da Defesa.xlsx - Planilha1.csv,2026-07-23 11:00:49.785299+00:00,,,,,,,,,,,,,,,,,,,,,,,,,,,
1aca9841-18d0-43cc-9504-097638b615c1,BRUNNA ABREU DE OLIVEIRA BOUCAS,***.265.747-**,,346****,MEDICO RESIDENTE,Comando da Aeron·utica,,,Cargo,RESIDENCIA E PMM,MEDICO RESIDENTE,60 HORAS SEMANAIS,2025-03-01,2025-03-01,cpf_decoding,,2026-07-23 11:18:57.848705+00:00,Medicos Residentes - Ministerio da Defesa.xlsx - Planilha1.csv,2026-07-23 11:00:49.785299+00:00,,,,,,,,,,,,,,,,,,,,,,,,,,,
f11676d1-c3ac-4dfc-823d-a9add112594d,BRUNO AMORIM DE SOUZA,***.573.327-**,,352****,MEDICO RESIDENTE,Comando da Marinha,,,Cargo,RESIDENCIA E PMM,MEDICO RESIDENTE,60 HORAS SEMANAIS,2026-03-01,2026-03-01,cpf_decoding,,2026-07-23 11:18:59.255598+00:00,Medicos Residentes - Ministerio da Defesa.xlsx - Planilha1.csv,2026-07-23 11:00:49.785299+00:00,,,,,,,,,,,,,,,,,,,,,,,,,,,
99122ee3-721f-44f3-a67b-44a5a8fec347,BRUNO CESAR HENRIQUE DE SOUZA SANTOS,***.936.347-**,,352****,MEDICO RESIDENTE,Comando da Aeron·utica,,,Cargo,RESIDENCIA E PMM,MEDICO RESIDENTE,60 HORAS SEMANAIS,2026-03-01,2026-03-01,cpf_decoding,,2026-07-23 11:19:00.768834+00:00,Medicos Residentes - Ministerio da Defesa.xlsx - Planilha1.csv,2026-07-23 11:00:49.785299+00:00,,,,,,,,,,,,,,,,,,,,,,,,,,,
36e221e2-d2a6-4362-b7a7-60c23df98271,BRUNO DO NASCIMENTO GUEDES,***.295.357-**,,352****,MEDICO RESIDENTE,Comando da Marinha,,,Cargo,RESIDENCIA E PMM,MEDICO RESIDENTE,60 HORAS SEMANAIS,2026-03-01,2026-03-01,cpf_decoding,,2026-07-23 11:19:01.822626+00:00,Medicos Residentes - Ministerio da Defesa.xlsx - Planilha1.csv,2026-07-23 11:00:49.785299+00:00,,,,,,,,,,,,,,,,,,,,,,,,,,,
c9f36376-fc7c-493b-83e9-7e7a86a0d943,CAIO GOMES FIRMINO,***.013.787-**,,352****,MEDICO RESIDENTE,Comando da Aeron·utica,,,Cargo,RESIDENCIA E PMM,MEDICO RESIDENTE,60 HORAS SEMANAIS,2026-03-01,2026-03-01,cpf_decoding,,2026-07-23 11:19:03.337037+00:00,Medicos Residentes - Ministerio da Defesa.xlsx - Planilha1.csv,2026-07-23 11:00:49.785299+00:00,,,,,,,,,,,,,,,,,,,,,,,,,,,
efdbfefa-5b95-4338-8df2-4950d2d61420,CAIO GONZALEZ MOURA,***.186.367-**,,345****,MEDICO RESIDENTE,Comando da Marinha,,,Cargo,RESIDENCIA E PMM,MEDICO RESIDENTE,60 HORAS SEMANAIS,2025-03-01,2025-03-01,cpf_decoding,,2026-07-23 11:19:04.677264+00:00,Medicos Residentes - Ministerio da Defesa.xlsx - Planilha1.csv,2026-07-23 11:00:49.785299+00:00,,,,,,,,,,,,,,,,,,,,,,,,,,,
077af1d6-897c-4431-8ccb-f3ebeee31f60,CAIO GUEDES CARNEIRO,***.108.717-**,,346****,MEDICO RESIDENTE,Comando da Aeron·utica,,,Cargo,RESIDENCIA E PMM,MEDICO RESIDENTE,60 HORAS SEMANAIS,2025-03-01,2025-03-01,cpf_decoding,,2026-07-23 11:19:06.092240+00:00,Medicos Residentes - Ministerio da Defesa.xlsx - Planilha1.csv,2026-07-23 11:00:49.785299+00:00,,,,,,,,,,,,,,,,,,,,,,,,,,,
20d769b8-bddd-4a6a-ba30-395a82ae0b03,CAIO NUNES BOLDRINI,***.131.327-**,,340****,MEDICO RESIDENTE,Comando da Marinha,,,Cargo,RESIDENCIA E PMM,MEDICO RESIDENTE,60 HORAS SEMANAIS,2024-03-01,2024-03-01,cpf_decoding,,2026-07-23 11:19:07.040527+00:00,Medicos Residentes - Ministerio da Defesa.xlsx - Planilha1.csv,2026-07-23 11:00:49.785299+00:00,,,,,,,,,,,,,,,,,,,,,,,,,,,
3ec40e06-9ae8-4f46-b13e-163d44eb82fc,CAIO VINICIUS COSTA LIMA,***.872.693-**,,152****,MEDICO RESIDENTE,Comando da Aeron·utica,,,Cargo,RESIDENCIA E PMM,MEDICO RESIDENTE,60 HORAS SEMANAIS,2026-03-01,2026-03-01,cpf_decoding,,2026-07-23 11:19:08.307527+00:00,Medicos Residentes - Ministerio da Defesa.xlsx - Planilha1.csv,2026-07-23 11:00:49.785299+00:00,,,,,,,,,,,,,,,,,,,,,,,,,,,
01f867fd-d532-423b-878d-9dde38fdfea3,CAMILA LORENCAO MENEGUETTI,***.713.787-**,,346****,MEDICO RESIDENTE,Comando da Aeron·utica,,,Cargo,RESIDENCIA E PMM,MEDICO RESIDENTE,60 HORAS SEMANAIS,2025-03-01,2025-03-01,cpf_decoding,,2026-07-23 11:19:09.339557+00:00,Medicos Residentes - Ministerio da Defesa.xlsx - Planilha1.csv,2026-07-23 11:00:49.785299+00:00,,,,,,,,,,,,,,,,,,,,,,,,,,,
991935f1-6b1e-40dc-a285-299bf205d6f5,CAMILA ROCHA FIRMO,***.498.206-**,,346****,MEDICO RESIDENTE,Comando da Aeron·utica,,,Cargo,RESIDENCIA E PMM,MEDICO RESIDENTE,60 HORAS SEMANAIS,2025-03-01,2025-03-01,cpf_decoding,,2026-07-23 11:19:10.625323+00:00,Medicos Residentes - Ministerio da Defesa.xlsx - Planilha1.csv,2026-07-23 11:00:49.785299+00:00,,,,,,,,,,,,,,,,,,,,,,,,,,,
868d5e0a-bc08-4a5b-8e45-4c0b7fc6fa6e,CAMILA ROHLOFF MONTEIRO,***.498.907-**,,352****,MEDICO RESIDENTE,Comando da Marinha,,,Cargo,RESIDENCIA E PMM,MEDICO RESIDENTE,60 HORAS SEMANAIS,2026-03-01,2026-03-01,cpf_decoding,,2026-07-23 11:19:11.981630+00:00,Medicos Residentes - Ministerio da Defesa.xlsx - Planilha1.csv,2026-07-23 11:00:49.785299+00:00,,,,,,,,,,,,,,,,,,,,,,,,,,,
c7f57923-8cec-4ca8-8079-4ad7b7cd79fd,CARLA EDEONNE SOUSA FERREIRA,***.937.222-**,,352****,MEDICO RESIDENTE,Comando da Marinha,,,Cargo,RESIDENCIA E PMM,MEDICO RESIDENTE,60 HORAS SEMANAIS,2026-03-01,2026-03-01,cpf_decoding,,2026-07-23 11:19:13.133132+00:00,Medicos Residentes - Ministerio da Defesa.xlsx - Planilha1.csv,2026-07-23 11:00:49.785299+00:00,,,,,,,,,,,,,,,,,,,,,,,,,,,
9b320230-6e94-497d-a913-594434dc1a88,CARLOS ANDRE CHAGAS MORAES,***.355.182-**,,339****,MEDICO RESIDENTE,Comando da Aeron·utica,,,Cargo,RESIDENCIA E PMM,MEDICO RESIDENTE,60 HORAS SEMANAIS,2024-03-01,2024-03-01,cpf_decoding,,2026-07-23 11:19:13.989501+00:00,Medicos Residentes - Ministerio da Defesa.xlsx - Planilha1.csv,2026-07-23 11:00:49.785299+00:00,,,,,,,,,,,,,,,,,,,,,,,,,,,
98c52fe4-2669-4130-8812-2dfc9fffb571,CARLOS ANDRE MAIA THOMAZ DREILICH,***.614.667-**,,346****,MEDICO RESIDENTE,Comando da Aeron·utica,,,Cargo,RESIDENCIA E PMM,MEDICO RESIDENTE,60 HORAS SEMANAIS,2025-03-01,2025-03-01,cpf_decoding,,2026-07-23 11:19:15.047902+00:00,Medicos Residentes - Ministerio da Defesa.xlsx - Planilha1.csv,2026-07-23 11:00:49.785299+00:00,,,,,,,,,,,,,,,,,,,,,,,,,,,
db5fc4ed-4cff-4f04-b3c6-23538a3fe9ea,CARLOS GABRIEL BRANDAO FONSECA,***.675.737-**,,345****,MEDICO RESIDENTE,Comando da Aeron·utica,,,Cargo,RESIDENCIA E PMM,MEDICO RESIDENTE,60 HORAS SEMANAIS,2025-03-01,2025-03-01,cpf_decoding,,2026-07-23 11:19:16.242683+00:00,Medicos Residentes - Ministerio da Defesa.xlsx - Planilha1.csv,2026-07-23 11:00:49.785299+00:00,,,,,,,,,,,,,,,,,,,,,,,,,,,
8ceb270d-3428-408f-87e8-c5187b0ca35a,CAROLINA CALDAS DE FREITAS LIMA,***.197.027-**,,237****,MEDICO RESIDENTE,Comando da Aeron·utica,,,Cargo,RESIDENCIA E PMM,MEDICO RESIDENTE,60 HORAS SEMANAIS,2026-03-01,2026-03-01,cpf_decoding,,2026-07-23 11:19:17.851781+00:00,Medicos Residentes - Ministerio da Defesa.xlsx - Planilha1.csv,2026-07-23 11:00:49.785299+00:00,,,,,,,,,,,,,,,,,,,,,,,,,,,
478447db-fb87-4368-b6e0-7574232545c1,CAROLINA CALIL DE SOUSA,***.535.917-**,,346****,MEDICO RESIDENTE,Comando da Aeron·utica,,,Cargo,RESIDENCIA E PMM,MEDICO RESIDENTE,60 HORAS SEMANAIS,2025-03-01,2025-03-01,cpf_decoding,,2026-07-23 11:19:19.178380+00:00,Medicos Residentes - Ministerio da Defesa.xlsx - Planilha1.csv,2026-07-23 11:00:49.785299+00:00,,,,,,,,,,,,,,,,,,,,,,,,,,,
8c343814-b061-4451-a91d-c62f16e4fb11,CAROLINA DE VASCONCELOS CORTEZ E SILVA MONTES,***.503.917-**,,352****,MEDICO RESIDENTE,Comando da Aeron·utica,,,Cargo,RESIDENCIA E PMM,MEDICO RESIDENTE,60 HORAS SEMANAIS,2026-03-01,2026-03-01,cpf_decoding,,2026-07-23 11:19:20.548532+00:00,Medicos Residentes - Ministerio da Defesa.xlsx - Planilha1.csv,2026-07-23 11:00:49.785299+00:00,,,,,,,,,,,,,,,,,,,,,,,,,,,
e8d50d8c-5bfd-41a5-9077-abe324edaac8,CAROLINA JUNQUEIRA ALLAGE,***.031.927-**,,339****,MEDICO RESIDENTE,Comando da Marinha,,,Cargo,RESIDENCIA E PMM,MEDICO RESIDENTE,60 HORAS SEMANAIS,2024-03-01,2024-03-01,cpf_decoding,,2026-07-23 11:19:21.621609+00:00,Medicos Residentes - Ministerio da Defesa.xlsx - Planilha1.csv,2026-07-23 11:00:49.785299+00:00,,,,,,,,,,,,,,,,,,,,,,,,,,,
6c372812-94fb-43b5-ba40-1c12bc27fdea,CAROLINA PESSOA SILVA,***.780.827-**,,339****,MEDICO RESIDENTE,Comando da Aeron·utica,,,Cargo,RESIDENCIA E PMM,MEDICO RESIDENTE,60 HORAS SEMANAIS,2024-03-01,2024-03-01,cpf_decoding,,2026-07-23 11:19:22.847160+00:00,Medicos Residentes - Ministerio da Defesa.xlsx - Planilha1.csv,2026-07-23 11:00:49.785299+00:00,,,,,,,,,,,,,,,,,,,,,,,,,,,
3995343b-000a-48b5-b59b-b6348ae5f85f,CAROLINA ZONIS SCHECHTER,***.295.307-**,,345****,MEDICO RESIDENTE,Comando da Marinha,,,Cargo,RESIDENCIA E PMM,MEDICO RESIDENTE,60 HORAS SEMANAIS,2025-03-01,2025-03-01,cpf_decoding,,2026-07-23 11:19:24.146509+00:00,Medicos Residentes - Ministerio da Defesa.xlsx - Planilha1.csv,2026-07-23 11:00:49.785299+00:00,,,,,,,,,,,,,,,,,,,,,,,,,,,
564925f3-4c7d-45dc-a444-029ffd08a80f,CAROLINE HARUMI SERICAWA SARUHASHI,***.995.258-**,,147****,MEDICO RESIDENTE,Comando da Aeron·utica,,,Cargo,RESIDENCIA E PMM,MEDICO RESIDENTE,60 HORAS SEMANAIS,2025-03-01,2025-03-01,cpf_decoding,,2026-07-23 11:19:25.720389+00:00,Medicos Residentes - Ministerio da Defesa.xlsx - Planilha1.csv,2026-07-23 11:00:49.785299+00:00,,,,,,,,,,,,,,,,,,,,,,,,,,,
34f1f34f-f592-4ed7-b5fb-ebcc0c555acf,CAROLINNE SANTOS DE OLIVEIRA,***.685.705-**,,352****,MEDICO RESIDENTE,Comando da Aeron·utica,,,Cargo,RESIDENCIA E PMM,MEDICO RESIDENTE,60 HORAS SEMANAIS,2026-03-01,2026-03-01,cpf_decoding,,2026-07-23 11:19:27.304830+00:00,Medicos Residentes - Ministerio da Defesa.xlsx - Planilha1.csv,2026-07-23 11:00:49.785299+00:00,,,,,,,,,,,,,,,,,,,,,,,,,,,
776abc36-f44c-47be-85d7-591e644e6944,CASSIANA DE MOURA E COSTA,***.628.439-**,,134****,MEDICO RESIDENTE,Comando da Marinha,,,Cargo,RESIDENCIA E PMM,MEDICO RESIDENTE,60 HORAS SEMANAIS,2025-03-01,2025-03-01,cpf_decoding,,2026-07-23 11:19:28.516372+00:00,Medicos Residentes - Ministerio da Defesa.xlsx - Planilha1.csv,2026-07-23 11:00:49.785299+00:00,,,,,,,,,,,,,,,,,,,,,,,,,,,
a5139785-d732-4941-bb3e-260fe49c71f2,CASSIANA TAVARES ROSA,***.367.310-**,,333****,MEDICO RESIDENTE,Comando da Marinha,,,Cargo,RESIDENCIA E PMM,MEDICO RESIDENTE,60 HORAS SEMANAIS,2023-03-01,2023-03-01,cpf_decoding,,2026-07-23 11:19:29.801588+00:00,Medicos Residentes - Ministerio da Defesa.xlsx - Planilha1.csv,2026-07-23 11:00:49.785299+00:00,,,,,,,,,,,,,,,,,,,,,,,,,,,
b3208677-ca05-432e-a728-65453216c877,CATHERINE COIMBRA BARATA,***.728.945-**,,352****,MEDICO RESIDENTE,Comando da Aeron·utica,,,Cargo,RESIDENCIA E PMM,MEDICO RESIDENTE,60 HORAS SEMANAIS,2026-03-01,2026-03-01,cpf_decoding,,2026-07-23 11:19:31.392017+00:00,Medicos Residentes - Ministerio da Defesa.xlsx - Planilha1.csv,2026-07-23 11:00:49.785299+00:00,,,,,,,,,,,,,,,,,,,,,,,,,,,
786533a3-63d0-40fc-9a17-0d096d1d0879,CHAIANE RODRIGUES DE MELLO,***.942.246-**,,352****,MEDICO RESIDENTE,Comando da Aeron·utica,,,Cargo,RESIDENCIA E PMM,MEDICO RESIDENTE,60 HORAS SEMANAIS,2026-03-01,2026-03-01,cpf_decoding,,2026-07-23 11:19:32.567977+00:00,Medicos Residentes - Ministerio da Defesa.xlsx - Planilha1.csv,2026-07-23 11:00:49.785299+00:00,,,,,,,,,,,,,,,,,,,,,,,,,,,
a7e0051d-6e2a-49c5-b7ae-c9ce72c60d4c,CHAYENNE DE OLIVEIRA BASTOS RODRIGUES,***.217.447-**,,352****,MEDICO RESIDENTE,Comando da Aeron·utica,,,Cargo,RESIDENCIA E PMM,MEDICO RESIDENTE,60 HORAS SEMANAIS,2026-03-01,2026-03-01,cpf_decoding,,2026-07-23 11:19:33.652566+00:00,Medicos Residentes - Ministerio da Defesa.xlsx - Planilha1.csv,2026-07-23 11:00:49.785299+00:00,,,,,,,,,,,,,,,,,,,,,,,,,,,
d416b8dc-e696-4fa5-bb3e-46dfedcb7427,CLARA BERSOT DIAS,***.433.337-**,,345****,MEDICO RESIDENTE,Comando da Marinha,,,Cargo,RESIDENCIA E PMM,MEDICO RESIDENTE,60 HORAS SEMANAIS,2025-03-01,2025-03-01,cpf_decoding,,2026-07-23 11:19:34.669306+00:00,Medicos Residentes - Ministerio da Defesa.xlsx - Planilha1.csv,2026-07-23 11:00:49.785299+00:00,,,,,,,,,,,,,,,,,,,,,,,,,,,
c931e85d-2e4f-4d44-8178-9088224f9181,CLARA GONCALVES LOPES,***.306.067-**,,352****,MEDICO RESIDENTE,Comando da Aeron·utica,,,Cargo,RESIDENCIA E PMM,MEDICO RESIDENTE,60 HORAS SEMANAIS,2026-03-01,2026-03-01,cpf_decoding,,2026-07-23 11:19:36.123344+00:00,Medicos Residentes - Ministerio da Defesa.xlsx - Planilha1.csv,2026-07-23 11:00:49.785299+00:00,,,,,,,,,,,,,,,,,,,,,,,,,,,
9ac48aa4-12cb-4d23-8611-fa5a47373063,CLARA SOUZA CUNHA ZUCHETTO,***.787.577-**,,333****,MEDICO RESIDENTE,Comando da Marinha,,,Cargo,RESIDENCIA E PMM,MEDICO RESIDENTE,60 HORAS SEMANAIS,2023-03-01,2023-03-01,cpf_decoding,,2026-07-23 11:19:37.125498+00:00,Medicos Residentes - Ministerio da Defesa.xlsx - Planilha1.csv,2026-07-23 11:00:49.785299+00:00,,,,,,,,,,,,,,,,,,,,,,,,,,,
03ac3624-f2c8-4968-8787-0b29411aebe7,CLIO NICOLACOPULOS,***.271.079-**,,339****,MEDICO RESIDENTE,Comando da Marinha,,,Cargo,RESIDENCIA E PMM,MEDICO RESIDENTE,60 HORAS SEMANAIS,2024-03-01,2024-03-01,cpf_decoding,,2026-07-23 11:19:38.407839+00:00,Medicos Residentes - Ministerio da Defesa.xlsx - Planilha1.csv,2026-07-23 11:00:49.785299+00:00,,,,,,,,,,,,,,,,,,,,,,,,,,,
434bc19d-3006-4307-993a-be37bc88c77c,CRISLAINE PAIVA RIBEIRO,***.120.016-**,,122****,MEDICO RESIDENTE,Comando da Marinha,,,Cargo,RESIDENCIA E PMM,MEDICO RESIDENTE,60 HORAS SEMANAIS,2024-03-01,2024-03-01,cpf_decoding,,2026-07-23 11:19:39.556085+00:00,Medicos Residentes - Ministerio da Defesa.xlsx - Planilha1.csv,2026-07-23 11:00:49.785299+00:00,,,,,,,,,,,,,,,,,,,,,,,,,,,
f6cf1246-af2d-4ada-bddc-b315ede03775,DANIEL ALVES VITOR,***.260.297-**,,352****,MEDICO RESIDENTE,Comando da Marinha,,,Cargo,RESIDENCIA E PMM,MEDICO RESIDENTE,60 HORAS SEMANAIS,2026-03-01,2026-03-01,cpf_decoding,,2026-07-23 11:19:40.415089+00:00,Medicos Residentes - Ministerio da Defesa.xlsx - Planilha1.csv,2026-07-23 11:00:49.785299+00:00,,,,,,,,,,,,,,,,,,,,,,,,,,,
e1bc0732-35d7-45d5-bcf4-69eee1a380c6,DANIEL BURD WAJNBERG,***.969.697-**,,339****,MEDICO RESIDENTE,Comando da Aeron·utica,,,Cargo,RESIDENCIA E PMM,MEDICO RESIDENTE,60 HORAS SEMANAIS,2024-03-01,2024-03-01,cpf_decoding,,2026-07-23 11:19:41.884426+00:00,Medicos Residentes - Ministerio da Defesa.xlsx - Planilha1.csv,2026-07-23 11:00:49.785299+00:00,,,,,,,,,,,,,,,,,,,,,,,,,,,
547ae131-55af-4e01-a889-23ae35328fa3,DANIEL DE CASTRO SALGADO,***.321.457-**,,345****,MEDICO RESIDENTE,Comando da Marinha,,,Cargo,RESIDENCIA E PMM,MEDICO RESIDENTE,60 HORAS SEMANAIS,2025-03-01,2025-03-01,cpf_decoding,,2026-07-23 11:19:43.394645+00:00,Medicos Residentes - Ministerio da Defesa.xlsx - Planilha1.csv,2026-07-23 11:00:49.785299+00:00,,,,,,,,,,,,,,,,,,,,,,,,,,,
653f418e-1242-46a0-a5c1-58de8be8a226,DANIEL ESTEVES CORTES SALVIO,***.145.727-**,,339****,MEDICO RESIDENTE,Comando da Marinha,,,Cargo,RESIDENCIA E PMM,MEDICO RESIDENTE,60 HORAS SEMANAIS,2024-03-01,2024-03-01,cpf_decoding,,2026-07-23 11:19:44.689757+00:00,Medicos Residentes - Ministerio da Defesa.xlsx - Planilha1.csv,2026-07-23 11:00:49.785299+00:00,,,,,,,,,,,,,,,,,,,,,,,,,,,
236df8da-ea45-42db-8dfd-16b68643e157,DANIEL GOMES FREIRE DA SILVA TAVARES,***.592.637-**,,136****,MEDICO RESIDENTE,Comando da Marinha,,,Cargo,RESIDENCIA E PMM,MEDICO RESIDENTE,60 HORAS SEMANAIS,2025-03-01,2025-03-01,cpf_decoding,,2026-07-23 11:19:45.694343+00:00,Medicos Residentes - Ministerio da Defesa.xlsx - Planilha1.csv,2026-07-23 11:00:49.785299+00:00,,,,,,,,,,,,,,,,,,,,,,,,,,,
5cd86b9a-6fea-42f4-8b74-07221889daa7,DANIEL JOSE NIKOLAI,***.442.157-**,,345****,MEDICO RESIDENTE,Comando da Aeron·utica,,,Cargo,RESIDENCIA E PMM,MEDICO RESIDENTE,60 HORAS SEMANAIS,2025-03-01,2025-03-01,cpf_decoding,,2026-07-23 11:19:47.322730+00:00,Medicos Residentes - Ministerio da Defesa.xlsx - Planilha1.csv,2026-07-23 11:00:49.785299+00:00,,,,,,,,,,,,,,,,,,,,,,,,,,,
95ea4a0e-6fd0-4092-a52a-65ff100e9d9b,DANIEL MIRANDA SANTOS,***.392.697-**,,352****,MEDICO RESIDENTE,Comando da Aeron·utica,,,Cargo,RESIDENCIA E PMM,MEDICO RESIDENTE,60 HORAS SEMANAIS,2026-03-01,2026-03-01,cpf_decoding,,2026-07-23 11:19:48.884018+00:00,Medicos Residentes - Ministerio da Defesa.xlsx - Planilha1.csv,2026-07-23 11:00:49.785299+00:00,,,,,,,,,,,,,,,,,,,,,,,,,,,
a5993bab-fc20-4bfb-a916-caf4f6b4b4ed,DANIEL PEREIRA MAURICIO DE BARROS,***.182.074-**,,339****,MEDICO RESIDENTE,Comando da Aeron·utica,,,Cargo,RESIDENCIA E PMM,MEDICO RESIDENTE,60 HORAS SEMANAIS,2024-03-01,2024-03-01,cpf_decoding,,2026-07-23 11:19:50.356941+00:00,Medicos Residentes - Ministerio da Defesa.xlsx - Planilha1.csv,2026-07-23 11:00:49.785299+00:00,,,,,,,,,,,,,,,,,,,,,,,,,,,
631ce5e4-9b6e-4093-b396-223bc889d0ed,DANIEL SUHETT MALIZIA,***.188.667-**,,339****,MEDICO RESIDENTE,Comando da Aeron·utica,,,Cargo,RESIDENCIA E PMM,MEDICO RESIDENTE,60 HORAS SEMANAIS,2024-03-01,2024-03-01,cpf_decoding,,2026-07-23 11:19:51.356726+00:00,Medicos Residentes - Ministerio da Defesa.xlsx - Planilha1.csv,2026-07-23 11:00:49.785299+00:00,,,,,,,,,,,,,,,,,,,,,,,,,,,
c77503a6-6a6e-4100-8694-543a21546d64,DANIELE DIAS DO NASCIMENTO,***.155.477-**,,352****,MEDICO RESIDENTE,Comando da Marinha,,,Cargo,RESIDENCIA E PMM,MEDICO RESIDENTE,60 HORAS SEMANAIS,2026-03-01,2026-03-01,cpf_decoding,,2026-07-23 11:19:52.375674+00:00,Medicos Residentes - Ministerio da Defesa.xlsx - Planilha1.csv,2026-07-23 11:00:49.785299+00:00,,,,,,,,,,,,,,,,,,,,,,,,,,,
8d72f829-5422-40e9-b8ca-5c580e9ecf83,DARA PASCHOAL DA CUNHA,***.044.801-**,,352****,MEDICO RESIDENTE,Comando da Marinha,,,Cargo,RESIDENCIA E PMM,MEDICO RESIDENTE,60 HORAS SEMANAIS,2026-03-01,2026-03-01,cpf_decoding,,2026-07-23 11:19:53.376633+00:00,Medicos Residentes - Ministerio da Defesa.xlsx - Planilha1.csv,2026-07-23 11:00:49.785299+00:00,,,,,,,,,,,,,,,,,,,,,,,,,,,
0a99aa0a-bbfe-4694-8fb5-bd7003644b33,DAVI SIQUEIRA HONORATO,***.390.986-**,,352****,MEDICO RESIDENTE,Comando da Aeron·utica,,,Cargo,RESIDENCIA E PMM,MEDICO RESIDENTE,60 HORAS SEMANAIS,2026-03-01,2026-03-01,cpf_decoding,,2026-07-23 11:19:54.486801+00:00,Medicos Residentes - Ministerio da Defesa.xlsx - Planilha1.csv,2026-07-23 11:00:49.785299+00:00,,,,,,,,,,,,,,,,,,,,,,,,,,,
dc07eb24-ab37-4f68-b319-bb14bf50c2ec,DAVIDSON CRUZ DE OLIVEIRA DANTAS,***.720.044-**,,352****,MEDICO RESIDENTE,Comando da Aeron·utica,,,Cargo,RESIDENCIA E PMM,MEDICO RESIDENTE,60 HORAS SEMANAIS,2026-03-01,2026-03-01,cpf_decoding,,2026-07-23 11:19:56.041981+00:00,Medicos Residentes - Ministerio da Defesa.xlsx - Planilha1.csv,2026-07-23 11:00:49.785299+00:00,,,,,,,,,,,,,,,,,,,,,,,,,,,
4394152e-d437-4827-b855-a3e560b9db55,DEBORA COHEN ZAIDE,***.707.097-**,,352****,MEDICO RESIDENTE,Comando da Marinha,,,Cargo,RESIDENCIA E PMM,MEDICO RESIDENTE,60 HORAS SEMANAIS,2026-03-01,2026-03-01,cpf_decoding,,2026-07-23 11:19:57.014816+00:00,Medicos Residentes - Ministerio da Defesa.xlsx - Planilha1.csv,2026-07-23 11:00:49.785299+00:00,,,,,,,,,,,,,,,,,,,,,,,,,,,
b12dfee5-9d44-4290-80be-97d548bbb450,DEBORA DE CASTRO ROCHA WANDERMUREM,***.692.697-**,,339****,MEDICO RESIDENTE,Comando da Marinha,,,Cargo,RESIDENCIA E PMM,MEDICO RESIDENTE,60 HORAS SEMANAIS,2024-03-01,2024-03-01,cpf_decoding,,2026-07-23 11:19:58.323435+00:00,Medicos Residentes - Ministerio da Defesa.xlsx - Planilha1.csv,2026-07-23 11:00:49.785299+00:00,,,,,,,,,,,,,,,,,,,,,,,,,,,
a0168f17-907b-4cfa-957c-8cd887625265,DEBORA MOREIRA DE OLIVEIRA,***.854.537-**,,352****,MEDICO RESIDENTE,Comando da Marinha,,,Cargo,RESIDENCIA E PMM,MEDICO RESIDENTE,60 HORAS SEMANAIS,2026-03-01,2026-03-01,cpf_decoding,,2026-07-23 11:19:59.382376+00:00,Medicos Residentes - Ministerio da Defesa.xlsx - Planilha1.csv,2026-07-23 11:00:49.785299+00:00,,,,,,,,,,,,,,,,,,,,,,,,,,,
58dd29fb-f28f-440b-9c2a-e2e3bb2664c6,DIEGO ALBANO GARCIA,***.389.067-**,,352****,MEDICO RESIDENTE,Comando da Aeron·utica,,,Cargo,RESIDENCIA E PMM,MEDICO RESIDENTE,60 HORAS SEMANAIS,2026-03-01,2026-03-01,cpf_decoding,,2026-07-23 11:20:00.493968+00:00,Medicos Residentes - Ministerio da Defesa.xlsx - Planilha1.csv,2026-07-23 11:00:49.785299+00:00,,,,,,,,,,,,,,,,,,,,,,,,,,,
0165f538-4c56-40ff-a6a6-19608828a122,DRIELLY RODRIGUES DE MORAES,***.105.357-**,,345****,MEDICO RESIDENTE,Comando da Marinha,,,Cargo,RESIDENCIA E PMM,MEDICO RESIDENTE,60 HORAS SEMANAIS,2025-03-01,2025-03-01,cpf_decoding,,2026-07-23 11:20:01.729047+00:00,Medicos Residentes - Ministerio da Defesa.xlsx - Planilha1.csv,2026-07-23 11:00:49.785299+00:00,,,,,,,,,,,,,,,,,,,,,,,,,,,
158524ba-f90c-4c7d-bd65-7a9b3d9c58bb,EDMUNDO PEREIRA DA ROCHA CALIXTO,***.798.497-**,,346****,MEDICO RESIDENTE,Comando da Aeron·utica,,,Cargo,RESIDENCIA E PMM,MEDICO RESIDENTE,60 HORAS SEMANAIS,2025-03-01,2025-03-01,cpf_decoding,,2026-07-23 11:20:02.935431+00:00,Medicos Residentes - Ministerio da Defesa.xlsx - Planilha1.csv,2026-07-23 11:00:49.785299+00:00,,,,,,,,,,,,,,,,,,,,,,,,,,,
d5a805ed-b27a-4400-a60e-2e9857315049,EDSON DE ARAUJO SOUSA,***.478.573-**,,121****,MEDICO RESIDENTE,Comando da Marinha,,,Cargo,RESIDENCIA E PMM,MEDICO RESIDENTE,60 HORAS SEMANAIS,2026-03-01,2026-03-01,cpf_decoding,,2026-07-23 11:20:04.472086+00:00,Medicos Residentes - Ministerio da Defesa.xlsx - Planilha1.csv,2026-07-23 11:00:49.785299+00:00,,,,,,,,,,,,,,,,,,,,,,,,,,,
c487d3b8-bf0c-4328-bc69-3e9e5209eefa,EDUARDA ROMERO DE CARVALHO,***.985.537-**,,346****,MEDICO RESIDENTE,Comando da Aeron·utica,,,Cargo,RESIDENCIA E PMM,MEDICO RESIDENTE,60 HORAS SEMANAIS,2025-03-01,2025-03-01,cpf_decoding,,2026-07-23 11:20:05.379369+00:00,Medicos Residentes - Ministerio da Defesa.xlsx - Planilha1.csv,2026-07-23 11:00:49.785299+00:00,,,,,,,,,,,,,,,,,,,,,,,,,,,
491d68ec-e5a9-49f2-9706-542c3a398c49,EDUARDO DE MENDONCA CARVALHO,***.646.827-**,,352****,MEDICO RESIDENTE,Comando da Aeron·utica,,,Cargo,RESIDENCIA E PMM,MEDICO RESIDENTE,60 HORAS SEMANAIS,2026-03-01,2026-03-01,cpf_decoding,,2026-07-23 11:20:07.000961+00:00,Medicos Residentes - Ministerio da Defesa.xlsx - Planilha1.csv,2026-07-23 11:00:49.785299+00:00,,,,,,,,,,,,,,,,,,,,,,,,,,,
53ca3b3a-e2b0-4e5e-8bc7-3bc3b74a12b6,EDUARDO LO BIANCO DOS SANTOS,***.175.847-**,,339****,MEDICO RESIDENTE,Comando da Aeron·utica,,,Cargo,RESIDENCIA E PMM,MEDICO RESIDENTE,60 HORAS SEMANAIS,2024-03-01,2024-03-01,cpf_decoding,,2026-07-23 11:20:07.905718+00:00,Medicos Residentes - Ministerio da Defesa.xlsx - Planilha1.csv,2026-07-23 11:00:49.785299+00:00,,,,,,,,,,,,,,,,,,,,,,,,,,,
f4140474-3c75-4529-a697-33aa780380d3,ELDER RENNE SERRAO DE OLIVEIRA,***.440.483-**,,345****,MEDICO RESIDENTE,Comando da Marinha,,,Cargo,RESIDENCIA E PMM,MEDICO RESIDENTE,60 HORAS SEMANAIS,2025-03-01,2025-03-01,cpf_decoding,,2026-07-23 11:20:08.828928+00:00,Medicos Residentes - Ministerio da Defesa.xlsx - Planilha1.csv,2026-07-23 11:00:49.785299+00:00,,,,,,,,,,,,,,,,,,,,,,,,,,,
748abf7b-f335-48fe-a774-ec40b8be3e9b,ELIELSON FRANCISCO COSTA FILHO,***.637.457-**,,346****,MEDICO RESIDENTE,Comando da Marinha,,,Cargo,RESIDENCIA E PMM,MEDICO RESIDENTE,60 HORAS SEMANAIS,2025-03-01,2025-03-01,cpf_decoding,,2026-07-23 11:20:10.365966+00:00,Medicos Residentes - Ministerio da Defesa.xlsx - Planilha1.csv,2026-07-23 11:00:49.785299+00:00,,,,,,,,,,,,,,,,,,,,,,,,,,,
f5d3dd71-e529-4548-977d-b2fccdfbde21,ELISA SOUZA LINI,***.805.160-**,,352****,MEDICO RESIDENTE,Comando da Aeron·utica,,,Cargo,RESIDENCIA E PMM,MEDICO RESIDENTE,60 HORAS SEMANAIS,2026-04-01,2026-04-01,cpf_decoding,,2026-07-23 11:20:11.517262+00:00,Medicos Residentes - Ministerio da Defesa.xlsx - Planilha1.csv,2026-07-23 11:00:49.785299+00:00,,,,,,,,,,,,,,,,,,,,,,,,,,,
bbc917e7-13fd-496e-86fa-6c52a1387f30,EMILSON LIMA RAMOS,***.503.797-**,,345****,MEDICO RESIDENTE,Comando da Marinha,,,Cargo,RESIDENCIA E PMM,RESIDENCIA MULTIPROFISSIONAL,60 HORAS SEMANAIS,2025-03-01,2025-03-01,cpf_decoding,,2026-07-23 11:20:12.493698+00:00,Medicos Residentes - Ministerio da Defesa.xlsx - Planilha1.csv,2026-07-23 11:00:49.785299+00:00,,,,,,,,,,,,,,,,,,,,,,,,,,,
a97878f2-7ac2-420c-8561-c2771b75a2f7,ENZO ZATTERA GONCALVES DE OLIVEIRA,***.521.737-**,,352****,MEDICO RESIDENTE,Comando da Aeron·utica,,,Cargo,RESIDENCIA E PMM,MEDICO RESIDENTE,60 HORAS SEMANAIS,2026-03-01,2026-03-01,cpf_decoding,,2026-07-23 11:20:14.038234+00:00,Medicos Residentes - Ministerio da Defesa.xlsx - Planilha1.csv,2026-07-23 11:00:49.785299+00:00,,,,,,,,,,,,,,,,,,,,,,,,,,,
21081f4e-2636-4db2-ab71-23ba7110e4dd,ERIKA CRISTINA NOWOTNY DO VALLE RIBEIRO,***.757.817-**,,157****,MEDICO RESIDENTE,Comando da Marinha,,,Cargo,RESIDENCIA E PMM,RESIDENCIA MULTIPROFISSIONAL,60 HORAS SEMANAIS,2025-03-01,2025-03-01,cpf_decoding,,2026-07-23 11:20:15.399805+00:00,Medicos Residentes - Ministerio da Defesa.xlsx - Planilha1.csv,2026-07-23 11:00:49.785299+00:00,,,,,,,,,,,,,,,,,,,,,,,,,,,
6685a026-7473-4e63-b462-3af263b3fc1f,EVA MARCO LIMA,***.864.702-**,01786470209,345****,MEDICO RESIDENTE,Comando da Aeron·utica,,,Cargo,RESIDENCIA E PMM,MEDICO RESIDENTE,60 HORAS SEMANAIS,2025-03-01,2025-03-01,portal_done,,2026-08-24 05:01:23.352446+00:00,Medicos Residentes - Ministerio da Defesa.xlsx - Planilha1.csv,2026-07-23 11:00:49.785299+00:00,False,,,,,,,False,,,True,False,21981559032,True,1,32991262474,False,2,llima_eva@hotmail.com,edi_flavio@hotmail.com,AV MAL FLORIANO PEIXOTO,CURITIBA,PR,80010130,1993-03-31,EDUINA MARCO LIMA,False
2f9d2921-c2ce-42fa-91fe-a599a7c1d51b,FABIANA REGINA VITALE LISBOA BAPTISTA,***.931.097-**,,352****,MEDICO RESIDENTE,Comando da Marinha,,,Cargo,RESIDENCIA E PMM,MEDICO RESIDENTE,60 HORAS SEMANAIS,2026-03-01,2026-03-01,cpf_decoding,,2026-07-23 11:21:17.273377+00:00,Medicos Residentes - Ministerio da Defesa.xlsx - Planilha1.csv,2026-07-23 11:00:49.785299+00:00,,,,,,,,,,,,,,,,,,,,,,,,,,,
eb001f3d-0a96-4b71-880c-6007ae8b980f,FABRICIO DO AMARAL COSTA VIEIRA,***.403.387-**,,339****,MEDICO RESIDENTE,Comando da Marinha,,,Cargo,RESIDENCIA E PMM,MEDICO RESIDENTE,60 HORAS SEMANAIS,2024-03-01,2024-03-01,cpf_decoding,,2026-07-23 11:24:11.975302+00:00,Medicos Residentes - Ministerio da Defesa.xlsx - Planilha1.csv,2026-07-23 11:00:49.785299+00:00,,,,,,,,,,,,,,,,,,,,,,,,,,,
388dd5f6-1cd2-41ac-8574-3d5a17bf91e4,FELIPE AUGUSTO SILVA ALVES,***.861.046-**,,139****,MEDICO RESIDENTE,Comando da Marinha,,,Cargo,RESIDENCIA E PMM,MEDICO RESIDENTE,60 HORAS SEMANAIS,2025-03-01,2025-03-01,cpf_decoding,,2026-07-23 11:24:13.004348+00:00,Medicos Residentes - Ministerio da Defesa.xlsx - Planilha1.csv,2026-07-23 11:00:49.785299+00:00,,,,,,,,,,,,,,,,,,,,,,,,,,,
533170f5-e5a0-41c3-8cbd-0b4f15a98a79,FELIPE CINELLI BARBERIO,***.169.057-**,,345****,MEDICO RESIDENTE,Comando da Marinha,,,Cargo,RESIDENCIA E PMM,MEDICO RESIDENTE,60 HORAS SEMANAIS,2025-03-01,2025-03-01,cpf_decoding,,2026-07-23 11:24:14.471591+00:00,Medicos Residentes - Ministerio da Defesa.xlsx - Planilha1.csv,2026-07-23 11:00:49.785299+00:00,,,,,,,,,,,,,,,,,,,,,,,,,,,
4cb79107-cbd7-4660-855f-9b5a6b969b87,FELIPE MOREIRA DA SILVA,***.048.847-**,,352****,MEDICO RESIDENTE,Comando da Marinha,,,Cargo,RESIDENCIA E PMM,MEDICO RESIDENTE,60 HORAS SEMANAIS,2026-03-01,2026-03-01,cpf_decoding,,2026-07-23 11:24:15.716249+00:00,Medicos Residentes - Ministerio da Defesa.xlsx - Planilha1.csv,2026-07-23 11:00:49.785299+00:00,,,,,,,,,,,,,,,,,,,,,,,,,,,
153a138a-345d-463e-8f1c-730abe1269e3,FELIPE NEIVA GUIMARAES BOMFIM,***.691.185-**,,340****,MEDICO RESIDENTE,Comando da Aeron·utica,,,Cargo,RESIDENCIA E PMM,MEDICO RESIDENTE,60 HORAS SEMANAIS,2024-03-01,2024-03-01,cpf_decoding,,2026-07-23 11:24:16.706603+00:00,Medicos Residentes - Ministerio da Defesa.xlsx - Planilha1.csv,2026-07-23 11:00:49.785299+00:00,,,,,,,,,,,,,,,,,,,,,,,,,,,
28e036f8-988c-42d8-9b17-deef39f6ff03,FELIPE PINHEIRO SANTANA,***.666.345-**,,118****,MEDICO RESIDENTE,Comando da Marinha,,,Cargo,RESIDENCIA E PMM,MEDICO RESIDENTE,60 HORAS SEMANAIS,2025-03-01,2025-03-01,cpf_decoding,,2026-07-23 11:24:17.915644+00:00,Medicos Residentes - Ministerio da Defesa.xlsx - Planilha1.csv,2026-07-23 11:00:49.785299+00:00,,,,,,,,,,,,,,,,,,,,,,,,,,,
b277f3ba-5002-4145-870c-87dff67ee608,FERNANDA DE CARVALHO RODRIGUES RIBEIRO,***.700.287-**,,340****,MEDICO RESIDENTE,Comando da Marinha,,,Cargo,RESIDENCIA E PMM,MEDICO RESIDENTE,60 HORAS SEMANAIS,2024-03-01,2024-03-01,cpf_decoding,,2026-07-23 11:24:19.396926+00:00,Medicos Residentes - Ministerio da Defesa.xlsx - Planilha1.csv,2026-07-23 11:00:49.785299+00:00,,,,,,,,,,,,,,,,,,,,,,,,,,,
147b1a43-1a3d-4c09-b05f-50d0ebec897e,FERNANDA OLIVEIRA DA CRUZ,***.979.987-**,,345****,MEDICO RESIDENTE,Comando da Marinha,,,Cargo,RESIDENCIA E PMM,RESIDENCIA MULTIPROFISSIONAL,60 HORAS SEMANAIS,2025-03-01,2025-03-01,cpf_decoding,,2026-07-23 11:24:20.952328+00:00,Medicos Residentes - Ministerio da Defesa.xlsx - Planilha1.csv,2026-07-23 11:00:49.785299+00:00,,,,,,,,,,,,,,,,,,,,,,,,,,,
6ad95039-80f4-4ebd-baab-5480cead1e35,FERNANDA PEREIRA GUIMARAES,***.318.447-**,,352****,MEDICO RESIDENTE,Comando da Marinha,,,Cargo,RESIDENCIA E PMM,MEDICO RESIDENTE,60 HORAS SEMANAIS,2026-03-01,2026-03-01,cpf_decoding,,2026-07-23 11:24:21.823133+00:00,Medicos Residentes - Ministerio da Defesa.xlsx - Planilha1.csv,2026-07-23 11:00:49.785299+00:00,,,,,,,,,,,,,,,,,,,,,,,,,,,
64d036c3-3a58-4e56-b22d-e4821299298b,FERNANDO COELHO VILLELA,***.632.506-**,,346****,MEDICO RESIDENTE,Comando da Aeron·utica,,,Cargo,RESIDENCIA E PMM,MEDICO RESIDENTE,60 HORAS SEMANAIS,2025-03-01,2025-03-01,cpf_decoding,,2026-07-23 11:24:23.051189+00:00,Medicos Residentes - Ministerio da Defesa.xlsx - Planilha1.csv,2026-07-23 11:00:49.785299+00:00,,,,,,,,,,,,,,,,,,,,,,,,,,,
cb46ddeb-1572-4324-b949-a9e8d2d3f929,FERNANDO HENRIQUE FERREIRA PINTO,***.256.338-**,,352****,MEDICO RESIDENTE,Comando da Aeron·utica,,,Cargo,RESIDENCIA E PMM,MEDICO RESIDENTE,60 HORAS SEMANAIS,2026-03-01,2026-03-01,cpf_decoding,,2026-07-23 11:24:24.264317+00:00,Medicos Residentes - Ministerio da Defesa.xlsx - Planilha1.csv,2026-07-23 11:00:49.785299+00:00,,,,,,,,,,,,,,,,,,,,,,,,,,,
a74061f3-327c-4f6e-bb74-3b938fef262a,FERNANDO MARCIO DE ABREU AZEVEDO JUNIOR,***.276.747-**,,352****,MEDICO RESIDENTE,Comando da Aeron·utica,,,Cargo,RESIDENCIA E PMM,MEDICO RESIDENTE,60 HORAS SEMANAIS,2026-03-01,2026-03-01,cpf_decoding,,2026-07-23 11:24:25.771451+00:00,Medicos Residentes - Ministerio da Defesa.xlsx - Planilha1.csv,2026-07-23 11:00:49.785299+00:00,,,,,,,,,,,,,,,,,,,,,,,,,,,
17c3a72f-37c5-45b5-94b9-0217f676647e,FERNANDO MINERVINI SABBO JUNIOR,***.455.217-**,,339****,MEDICO RESIDENTE,Comando da Marinha,,,Cargo,RESIDENCIA E PMM,MEDICO RESIDENTE,60 HORAS SEMANAIS,2024-03-01,2024-03-01,cpf_decoding,,2026-07-23 11:24:26.700217+00:00,Medicos Residentes - Ministerio da Defesa.xlsx - Planilha1.csv,2026-07-23 11:00:49.785299+00:00,,,,,,,,,,,,,,,,,,,,,,,,,,,
ae626de9-dd03-4366-8e8a-6a10bb2f4727,FERNANDO TREITLER PADILHA,***.577.407-**,,339****,MEDICO RESIDENTE,Comando da Aeron·utica,,,Cargo,RESIDENCIA E PMM,MEDICO RESIDENTE,60 HORAS SEMANAIS,2024-03-01,2024-03-01,cpf_decoding,,2026-07-23 11:24:27.925281+00:00,Medicos Residentes - Ministerio da Defesa.xlsx - Planilha1.csv,2026-07-23 11:00:49.785299+00:00,,,,,,,,,,,,,,,,,,,,,,,,,,,
49ba5633-dc0b-4772-a367-08e1cac5848b,FLAVIA SARVACINSKI,***.423.089-**,,352****,MEDICO RESIDENTE,Comando da Aeron·utica,,,Cargo,RESIDENCIA E PMM,MEDICO RESIDENTE,60 HORAS SEMANAIS,2026-04-01,2026-04-01,cpf_decoding,,2026-07-23 11:24:29.448179+00:00,Medicos Residentes - Ministerio da Defesa.xlsx - Planilha1.csv,2026-07-23 11:00:49.785299+00:00,,,,,,,,,,,,,,,,,,,,,,,,,,,
da3d563f-7735-4c0c-9f63-56726eda1a80,GABRIEL ALBERNAZ SILVA,***.391.057-**,,345****,MEDICO RESIDENTE,Comando da Aeron·utica,,,Cargo,RESIDENCIA E PMM,MEDICO RESIDENTE,60 HORAS SEMANAIS,2025-03-01,2025-03-01,cpf_decoding,,2026-07-23 11:24:30.672655+00:00,Medicos Residentes - Ministerio da Defesa.xlsx - Planilha1.csv,2026-07-23 11:00:49.785299+00:00,,,,,,,,,,,,,,,,,,,,,,,,,,,
e07b513e-1268-4cdf-84ed-48346e1c013e,GABRIEL ARANHA SOUSA MAUES,***.158.722-**,,351****,MEDICO RESIDENTE,Comando da Aeron·utica,,,Cargo,RESIDENCIA E PMM,MEDICO RESIDENTE,60 HORAS SEMANAIS,2025-03-03,2025-03-03,cpf_decoding,,2026-07-23 11:24:31.898235+00:00,Medicos Residentes - Ministerio da Defesa.xlsx - Planilha1.csv,2026-07-23 11:00:49.785299+00:00,,,,,,,,,,,,,,,,,,,,,,,,,,,
e247f8c9-2837-479b-9e43-8ab10b34b973,GABRIEL CIA GOMES,***.551.979-**,09055197955,352****,MEDICO RESIDENTE,Comando da Aeron·utica,,,Cargo,RESIDENCIA E PMM,MEDICO RESIDENTE,60 HORAS SEMANAIS,2026-03-01,2026-03-01,portal_done,,2026-08-24 05:01:37.947573+00:00,Medicos Residentes - Ministerio da Defesa.xlsx - Planilha1.csv,2026-07-23 11:00:49.785299+00:00,False,,,,,,,False,,,True,False,4730412167,False,1,,,,gabrielgomescia@gmail.com,,R S PAULO,BLUMENAU,SC,89012000,1997-11-08,HELENA ELISETE CIA GOMES,False
befb5c6d-58ce-4170-8111-4b3f0206c12a,GABRIEL DA SILVA FREY,***.084.737-**,15608473795,105****,MEDICO RESIDENTE,Comando da Aeron·utica,,,Cargo,RESIDENCIA E PMM,MEDICO RESIDENTE,60 HORAS SEMANAIS,2026-03-01,2026-03-01,portal_done,,2026-08-24 05:00:36.978510+00:00,Medicos Residentes - Ministerio da Defesa.xlsx - Planilha1.csv,2026-07-23 11:00:49.785299+00:00,False,,,,,,,False,,,True,False,21979967182,True,1,21977967182,False,2,oinsuportavelcanal@gmail.com,gabriel.frey.5@gmail.com,R  JOSE BONIFACIO,RIO DE JANEIRO,RJ,20770240,1998-08-21,LINDALVA GUIMARAES DA SILVA,False
51bbe692-d59d-4bdd-8411-a86a99882e60,GABRIEL DE CARVALHO SASSI,***.486.587-**,18148658706,352****,MEDICO RESIDENTE,Comando da Marinha,,,Cargo,RESIDENCIA E PMM,MEDICO RESIDENTE,60 HORAS SEMANAIS,2026-03-01,2026-03-01,portal_done,,2026-08-24 05:01:32.987589+00:00,Medicos Residentes - Ministerio da Defesa.xlsx - Planilha1.csv,2026-07-23 11:00:49.785299+00:00,False,,,,,,,False,,,True,False,21997674469,True,1,21996044364,True,2,,,AV  LUCIO COSTA,RIO DE JANEIRO,RJ,22630010,2000-09-12,CARLA ALVES DE CARVALHO SASSI,False
f7f250e7-7928-4cfd-aa8d-913aacc32c2a,GABRIEL DE LIMA COELHO LOPES,***.145.647-**,15314564726,352****,MEDICO RESIDENTE,Comando da Aeron·utica,,,Cargo,RESIDENCIA E PMM,MEDICO RESIDENTE,60 HORAS SEMANAIS,2026-03-01,2026-03-01,portal_done,,2026-08-24 05:00:52.429588+00:00,Medicos Residentes - Ministerio da Defesa.xlsx - Planilha1.csv,2026-07-23 11:00:49.785299+00:00,False,,,,,,,False,,,True,False,21971051876,True,1,2131480080,False,1,gabriel.rayori@gmail.com,limalcgabriel@gmail.com,R  CARAIBA,RIO DE JANEIRO,RJ,21545165,1999-04-22,ELAINE JANAINA FERNANDES DE LIMA,False
1ed118ec-57a2-41d0-ae9d-d86b3503e8bc,GABRIEL LOURENCO RIBEIRO DOS SANTOS,***.642.077-**,16364207707,333****,MEDICO RESIDENTE,Comando da Aeron·utica,,,Cargo,RESIDENCIA E PMM,MEDICO RESIDENTE,60 HORAS SEMANAIS,2023-03-01,2023-03-01,portal_done,,2026-08-24 05:02:33.338625+00:00,Medicos Residentes - Ministerio da Defesa.xlsx - Planilha1.csv,2026-07-23 11:00:49.785299+00:00,False,,,,,,,False,,,True,False,24981295773,True,1,,,,riberlourenco@gmail.com,,R  ANTONIO AUGUSTO DE SEQUEIRA,VALENCA,RJ,27600000,1998-02-20,LUCIMAR MAURICIO RIBEIRO DOS SANTOS,False
b6c0712f-4d33-4b90-8e79-79ee4434a045,GABRIEL PAIVA DUARTE,***.543.817-**,14854381795,352****,MEDICO RESIDENTE,Comando da Aeron·utica,,,Cargo,RESIDENCIA E PMM,MEDICO RESIDENTE,60 HORAS SEMANAIS,2026-03-01,2026-03-01,portal_done,,2026-08-24 05:01:07.816610+00:00,Medicos Residentes - Ministerio da Defesa.xlsx - Planilha1.csv,2026-07-23 11:00:49.785299+00:00,False,,,,,,,False,,,True,False,,,,,,,gabrielpduarte@hotmail.com,gabrielpduarte98@gmail.com,R  FRANCISCO BATISTA RIOS,SAO GONCALO,RJ,24750290,1998-08-18,GISELE SENNA DA CUNHA DUARTE,False
37392c96-8e51-4ec5-91f8-4819de934404,GABRIEL SILVA DE OLIVEIRA BERNARDES,***.831.606-**,11283160641,118****,MEDICO RESIDENTE,Comando da Marinha,,,Cargo,RESIDENCIA E PMM,MEDICO RESIDENTE,60 HORAS SEMANAIS,2025-03-01,2025-03-01,portal_done,,2026-08-24 05:01:26.006659+00:00,Medicos Residentes - Ministerio da Defesa.xlsx - Planilha1.csv,2026-07-23 11:00:49.785299+00:00,False,,,,,,,False,,,True,False,22981772461,True,1,32991502552,True,2,gustavo_aguas@hotmail.com,gabrielsoliveirap@gmail.com,R  QUINZE DE NOVEMBRO,BARBACENA,MG,36200074,1994-11-03,MARIA DAS DORES SILVA DE OLIVEIRA PINTO,False
d2ce4358-532f-4157-ae77-5ad191403c7e,GABRIELA DA SILVA GOULART,***.858.157-**,15085815769,339****,MEDICO RESIDENTE,Comando da Aeron·utica,,,Cargo,RESIDENCIA E PMM,MEDICO RESIDENTE,60 HORAS SEMANAIS,2024-03-01,2024-03-01,portal_done,,2026-08-24 05:02:01.438419+00:00,Medicos Residentes - Ministerio da Defesa.xlsx - Planilha1.csv,2026-07-23 11:00:49.785299+00:00,False,,,,,,,False,,,True,False,21981657122,True,1,21971215157,True,2,gabrieladsg@hotmail.com,,AV  LUCIO COSTA,RIO DE JANEIRO,RJ,22795900,1996-05-08,CATIA REGINA DA SILVA,False
035b77c3-8125-4b5c-9cbe-7938df3d88dc,GABRIELA NOVO DE FARIAS ALCANTARA,***.045.787-**,,345****,MEDICO RESIDENTE,Comando da Marinha,,,Cargo,RESIDENCIA E PMM,MEDICO RESIDENTE,60 HORAS SEMANAIS,2025-03-01,2025-03-01,cpf_decoding,,2026-07-23 12:07:32.127588+00:00,Medicos Residentes - Ministerio da Defesa.xlsx - Planilha1.csv,2026-07-23 11:00:49.785299+00:00,,,,,,,,,,,,,,,,,,,,,,,,,,,
e5eb28b2-fe04-4f6e-8881-1d76e452e5ac,GABRIELA SANTOS BOM,***.257.279-**,10925727911,346****,MEDICO RESIDENTE,Comando da Aeron·utica,,,Cargo,RESIDENCIA E PMM,MEDICO RESIDENTE,60 HORAS SEMANAIS,2025-03-01,2025-03-01,portal_done,,2026-08-24 05:01:59.690267+00:00,Medicos Residentes - Ministerio da Defesa.xlsx - Planilha1.csv,2026-07-23 11:00:49.785299+00:00,False,,,,,,,False,,,True,False,,,,,,,gabrielasb@hotmail.com,,ROD  SC,MORRO DA FUMACA,SC,88830000,1999-06-12,DIRCE DOS SANTOS PEDRO BOM,False
188f5dea-1c34-4283-9313-bd90bda8f5ad,GABRIELA VIEIRA,***.113.627-**,16411362785,345****,MEDICO RESIDENTE,Comando da Marinha,,,Cargo,RESIDENCIA E PMM,MEDICO RESIDENTE,60 HORAS SEMANAIS,2025-03-01,2025-03-01,portal_done,,2026-08-24 05:02:12.735774+00:00,Medicos Residentes - Ministerio da Defesa.xlsx - Planilha1.csv,2026-07-23 11:00:49.785299+00:00,False,,,,,,,False,,,True,False,,,,,,,gabii.vieira@hotmail.com,,R  JOAO RANGEL,NOVA IGUACU,RJ,26250100,1995-07-11,MARIA DE FATIMA MOREIRA VIEIRA,False
3a370e29-ca70-486b-a05c-06417bfaae9f,GABRIELLA DE OLIVEIRA MORAES,***.730.236-**,12173023608,127****,MEDICO RESIDENTE,Comando da Aeron·utica,,,Cargo,RESIDENCIA E PMM,MEDICO RESIDENTE,60 HORAS SEMANAIS,2026-03-01,2026-03-01,portal_done,,2026-08-24 05:00:45.228245+00:00,Medicos Residentes - Ministerio da Defesa.xlsx - Planilha1.csv,2026-07-23 11:00:49.785299+00:00,False,,,,,,,False,,,True,False,21969103362,True,1,2132817158,False,1,gabriellamoraesgm@hotmail.com,gabriellamoraes@unigranrio.br,R S FRANCISCO XAVIER,RIO DE JANEIRO,RJ,20550011,1995-05-05,MARCELI DE OLIVEIRA MORAES,False
aa470515-899d-49c2-81f5-3ca6cad4ffd4,GABRIELLE VILLELA RODRIGUES DE ANDRADE,***.299.077-**,17529907735,345****,MEDICO RESIDENTE,Comando da Marinha,,,Cargo,RESIDENCIA E PMM,RESIDENCIA MULTIPROFISSIONAL,60 HORAS SEMANAIS,2025-03-01,2025-03-01,portal_done,,2026-08-24 05:01:57.741637+00:00,Medicos Residentes - Ministerio da Defesa.xlsx - Planilha1.csv,2026-07-23 11:00:49.785299+00:00,False,,,,,,,False,,,True,False,21995828738,False,1,21981821192,True,2,gabrielledeandrade2013@gmail.com,anabiadejesus2001@gmail.com,R  OSCAR SOARES,NOVA IGUACU,RJ,26220098,1999-01-28,ALEXANDRA VILLELA RODRIGUES,False
1a10b776-523c-4169-acdf-80548440ccba,GEORGIA SANTHIAGO JACOBINA DE ABREU,***.337.197-**,05833719739,352****,MEDICO RESIDENTE,Comando da Aeron·utica,,,Cargo,RESIDENCIA E PMM,MEDICO RESIDENTE,60 HORAS SEMANAIS,2026-03-02,2026-03-02,portal_done,,2026-08-24 05:01:24.953965+00:00,Medicos Residentes - Ministerio da Defesa.xlsx - Planilha1.csv,2026-07-23 11:00:49.785299+00:00,False,,,,,,,False,,,True,False,,,,,,,georgia.santhiago@gmail.com,georgia.santhiago@yahoo.com.br,  SERNAMBETIBA,RIO DE JANEIRO,RJ,20000000,2002-04-18,FLAVIA SANTHIAGO LOPES,False
af3f9d15-049c-4906-a88e-9be08e4edb1d,GEOVANA REGO TOTTI,***.849.026-**,11784902624,339****,MEDICO RESIDENTE,Comando da Marinha,,,Cargo,RESIDENCIA E PMM,MEDICO RESIDENTE,60 HORAS SEMANAIS,2024-03-01,2024-03-01,portal_done,,2026-08-24 05:00:06.403482+00:00,Medicos Residentes - Ministerio da Defesa.xlsx - Planilha1.csv,2026-07-23 11:00:49.785299+00:00,False,,,,,,,False,,,True,False,35991984205,True,1,,,,gegetotti@yahoo.com.br,anna.victoriact@gmail.com,PC  PINTO DE OLIVEIRA,VARGINHA,MG,37002160,1992-09-06,GINA AZEREDO DO REGO TOTTI,False
d972bc2d-60a2-49b6-8546-131f442bc3bf,GIOVANNA HISSA MOTTA,***.572.297-**,14357229731,345****,MEDICO RESIDENTE,Comando da Marinha,,,Cargo,RESIDENCIA E PMM,MEDICO RESIDENTE,60 HORAS SEMANAIS,2025-03-01,2025-03-01,portal_done,,2026-08-24 05:00:39.929220+00:00,Medicos Residentes - Ministerio da Defesa.xlsx - Planilha1.csv,2026-07-23 11:00:49.785299+00:00,False,,,,,,,False,,,True,False,22997362286,True,1,,,,giohissa_1@hotmail.com,giovannahissa@hotmail.com,,,,,2000-04-20,GISELLE RESTUM HISSA,False
35aa379b-153d-450c-a28b-6f3a067a332b,GIOVANNA RODRIGUES DI PAOLA SANTOS CARVALHO,***.269.397-**,16526939716,346****,MEDICO RESIDENTE,Comando da Marinha,,,Cargo,RESIDENCIA E PMM,MEDICO RESIDENTE,60 HORAS SEMANAIS,2025-03-01,2025-03-01,portal_done,,2026-08-24 05:01:56.118990+00:00,Medicos Residentes - Ministerio da Defesa.xlsx - Planilha1.csv,2026-07-23 11:00:49.785299+00:00,False,,,,,,,False,,,True,False,,,,,,,,,AV  LUCIO COSTA,RIO DE JANEIRO,RJ,22795008,1997-08-04,PATRICIA SILVA RODRIGUES DI PAOLA SANTOS,False
8960f9c7-0a44-4fdd-8069-1873bfecb1c3,GIOVANNA VIDAL BELO,***.380.737-**,13238073737,127****,MEDICO RESIDENTE,Comando da Aeron·utica,,,Cargo,RESIDENCIA E PMM,MEDICO RESIDENTE,60 HORAS SEMANAIS,2026-03-01,2026-03-01,portal_done,,2026-08-24 05:00:57.343999+00:00,Medicos Residentes - Ministerio da Defesa.xlsx - Planilha1.csv,2026-07-23 11:00:49.785299+00:00,False,,,,,,,False,,,True,False,21988647775,True,1,,,,,,R MIN OTAVIO KELLY,NITEROI,RJ,24220301,1997-12-17,PATRICIA VIDAL BELO,False
0a939b86-491a-4d26-a4be-585cf5e0519c,GLEYSIELE EVANGELISTA COUCEIRO DE SOUZA,***.078.287-**,17807828706,345****,MEDICO RESIDENTE,Comando da Marinha,,,Cargo,RESIDENCIA E PMM,RESIDENCIA MULTIPROFISSIONAL,60 HORAS SEMANAIS,2025-03-01,2025-03-01,portal_done,,2026-08-24 05:01:18.350405+00:00,Medicos Residentes - Ministerio da Defesa.xlsx - Planilha1.csv,2026-07-23 11:00:49.785299+00:00,False,,,,,,,False,,,True,False,22992636579,True,1,22992665140,False,2,evangelistagleysiele126@gmail.com,,R  DIRCEU GUIMARAES,SAO PEDRO DA ALDEIA,RJ,28948129,2001-01-27,DANIELLE EVANGELISTA COUCEIRO DE SOUZA,False
95b3a16e-3b69-4022-8eb8-27cb0326ca93,GRAZIELLE GOMES FARIA,***.743.711-**,00374371199,116****,MEDICO RESIDENTE,Comando da Marinha,,,Cargo,RESIDENCIA E PMM,MEDICO RESIDENTE,60 HORAS SEMANAIS,2026-03-01,2026-03-01,portal_done,,2026-08-24 05:00:25.966541+00:00,Medicos Residentes - Ministerio da Defesa.xlsx - Planilha1.csv,2026-07-23 11:00:49.785299+00:00,False,,,,,,,False,,,True,False,65996229339,True,1,6532224044,False,1,grazisgomes@yahoo.com.br,,AV MAL DEODORO,CUIABA,MT,78032115,1984-01-27,ELIETE GOMES RONDON FARIA,False
d9b11339-31fb-43c3-8d31-076f45bdfc30,GUILHERME CORDEIRO KRANZFELD,***.937.907-**,18693790714,352****,MEDICO RESIDENTE,Comando da Marinha,,,Cargo,RESIDENCIA E PMM,MEDICO RESIDENTE,60 HORAS SEMANAIS,2026-03-01,2026-03-01,portal_done,,2026-08-24 05:01:43.116442+00:00,Medicos Residentes - Ministerio da Defesa.xlsx - Planilha1.csv,2026-07-23 11:00:49.785299+00:00,False,,,,,,,False,,,True,False,21971812184,True,1,,,,guilhermekranzfeld@hotmail.com,,AV  LUCIO COSTA,RIO DE JANEIRO,RJ,22630011,1999-09-07,ANA CARLA GUIMARAES CORDEIRO KRANZFELD,False
267e78fe-1870-4775-9daf-038bc380f765,GUILHERME ENGUER LAGOEIRO RIBEIRO MARTINS,***.373.527-**,13237352756,116****,MEDICO RESIDENTE,Comando da Aeron·utica,,,Cargo,RESIDENCIA E PMM,MEDICO RESIDENTE,60 HORAS SEMANAIS,2025-03-01,2025-03-01,portal_done,,2026-08-24 05:02:12.522634+00:00,Medicos Residentes - Ministerio da Defesa.xlsx - Planilha1.csv,2026-07-23 11:00:49.785299+00:00,False,,,,,,,False,,,True,False,21995128785,True,1,21994649662,True,2,lagoeirogui@gmail.com,guimetade@hotmail.com,R DR NILO PECANHA,NITEROI,RJ,24210480,1988-12-05,HELOISA HELENA ENGUER LAGOEIRO,False
a6c04c64-d58a-45e0-b281-5c09e3ee96a6,GUILHERME KUMM AVILA,***.939.469-**,06093946908,345****,MEDICO RESIDENTE,Comando da Marinha,,,Cargo,RESIDENCIA E PMM,MEDICO RESIDENTE,60 HORAS SEMANAIS,2025-03-01,2025-03-01,portal_done,,2026-08-24 05:00:38.258789+00:00,Medicos Residentes - Ministerio da Defesa.xlsx - Planilha1.csv,2026-07-23 11:00:49.785299+00:00,False,,,,,,,False,,,True,False,48991198564,True,1,48991630443,True,2,guilherme.ka@gmail.com,guilherme.ka@hotmail.com,R ALM CARLOS DA SILVEIRA CARNEIRO,FLORIANOPOLIS,SC,88025350,1986-08-19,JACIRA KUMM AVILA,False
777a950e-c17f-4b58-af74-aec758e2a356,GUILHERME MOTA FERREIRA LEITE,***.585.462-**,00758546270,339****,MEDICO RESIDENTE,Comando da Marinha,,,Cargo,RESIDENCIA E PMM,MEDICO RESIDENTE,60 HORAS SEMANAIS,2024-03-01,2024-03-01,portal_done,,2026-08-24 05:00:03.950018+00:00,Medicos Residentes - Ministerio da Defesa.xlsx - Planilha1.csv,2026-07-23 11:00:49.785299+00:00,False,,,,,,,False,,,True,False,31982731029,True,1,21991206360,True,2,lydia_mota@hotmail.com,,R VSC DE INHAUMA,CANOAS,RS,92420590,1992-10-03,MARIA LUCIA MOTA FERREIRA,False
74e1dfae-67c8-4511-a50f-15f8bab29ac9,GUILHERME SOUZA POLICARPO,***.339.141-**,03233914199,328****,MEDICO RESIDENTE,Comando da Aeron·utica,,,Cargo,RESIDENCIA E PMM,MEDICO RESIDENTE,60 HORAS SEMANAIS,2022-03-01,2022-03-01,portal_done,,2026-08-24 05:00:09.714860+00:00,Medicos Residentes - Ministerio da Defesa.xlsx - Planilha1.csv,2026-07-23 11:00:49.785299+00:00,False,,,,,,,False,,,True,False,21980538755,True,1,6430140424,False,1,guipollicarpo@gmail.com,guilhermepolicarpo1@yahoo.com.br,R MAL MASCARENHAS DE MORAIS,RIO DE JANEIRO,RJ,22030040,1991-08-08,LENIRA SOUZA CARDOSO,False
c5a0a694-d427-439c-ade5-1658dec26c7d,GUSTAVO MONTEIRO OLIVEIRA,***.060.166-**,12506016651,346****,MEDICO RESIDENTE,Comando da Marinha,,,Cargo,RESIDENCIA E PMM,MEDICO RESIDENTE,60 HORAS SEMANAIS,2025-03-01,2025-03-01,portal_done,,2026-08-24 05:02:36.124118+00:00,Medicos Residentes - Ministerio da Defesa.xlsx - Planilha1.csv,2026-07-23 11:00:49.785299+00:00,False,,,,,,,False,,,True,False,31994461907,True,1,,,,oliverasso@gmail.com,,R VSC DE CONGONHAS,CONGONHAS,MG,36414074,1996-06-08,ANDREA CRISTINA MARQUES MONTEIRO OLIVEIRA,False
4247de88-6a2a-4732-b17e-5fef14c2b265,GUSTAVO PEREIRA DOURADO,***.704.277-**,13070427758,339****,MEDICO RESIDENTE,Comando da Marinha,,,Cargo,RESIDENCIA E PMM,MEDICO RESIDENTE,60 HORAS SEMANAIS,2024-03-01,2024-03-01,portal_done,,2026-08-24 05:02:26.857249+00:00,Medicos Residentes - Ministerio da Defesa.xlsx - Planilha1.csv,2026-07-23 11:00:49.785299+00:00,False,,,,,,,False,,,True,False,21982248649,True,1,2130888746,False,1,g.bornellidourado@hotmail.com,,R  GEMINIANO GOIS,RIO DE JANEIRO,RJ,22743670,1989-08-01,MARILDA APARECIDA PEREIRA DOURADO,False
c9bd5c79-73f4-4241-bf1d-d77df33e6e35,HANNA MORENO CANTANO,***.261.458-**,39526145801,347****,MEDICO RESIDENTE,Comando da Aeron·utica,,,Cargo,RESIDENCIA E PMM,MEDICO RESIDENTE,60 HORAS SEMANAIS,2025-03-02,2025-03-01,portal_done,,2026-08-24 05:01:36.298499+00:00,Medicos Residentes - Ministerio da Defesa.xlsx - Planilha1.csv,2026-07-23 11:00:49.785299+00:00,False,,,,,,,False,,,True,False,11948610046,True,1,1141784458,False,1,hannapmoreno@gmail.com,ninha.surf@hotmail.com,R  BIRMANIA,SAO BERNARDO DO CAMPO,SP,09671060,1990-10-02,ELAINE CARDOSO PEREIRA MORENO,False
70585620-e659-49e1-a163-9ad0e27ac525,HAROLD ESTIVEN MARIN BOTERO,***.651.621-**,,352****,MEDICO RESIDENTE,Comando da Aeron·utica,,,Cargo,RESIDENCIA E PMM,MEDICO RESIDENTE,60 HORAS SEMANAIS,2026-03-01,2026-03-01,cpf_decoding,,2026-07-23 17:27:58.564840+00:00,Medicos Residentes - Ministerio da Defesa.xlsx - Planilha1.csv,2026-07-23 11:00:49.785299+00:00,,,,,,,,,,,,,,,,,,,,,,,,,,,
afd50f2c-0591-4951-8820-0551ba081a94,HELIO SPERANZA CAMERANO NETO,***.458.237-**,05645823796,124****,MEDICO RESIDENTE,Comando da Aeron·utica,,,Cargo,RESIDENCIA E PMM,MEDICO RESIDENTE,60 HORAS SEMANAIS,2024-03-01,2024-03-01,portal_done,,2026-08-24 05:01:40.554443+00:00,Medicos Residentes - Ministerio da Defesa.xlsx - Planilha1.csv,2026-07-23 11:00:49.785299+00:00,False,,,,,,,False,,,True,False,,,,,,,cameranohelio@gmail.com,,R  PINHEIRO MACHADO,RIO DE JANEIRO,RJ,22231090,1999-09-28,MARIA TEREZA SPERANZA CAMERANO,False
a9d05aa5-2243-4026-99f9-dcf9efb3c30a,HIGOR DA CONCEICAO SILVA,***.846.567-**,14484656728,345****,MEDICO RESIDENTE,Comando da Marinha,,,Cargo,RESIDENCIA E PMM,RESIDENCIA MULTIPROFISSIONAL,60 HORAS SEMANAIS,2025-03-01,2025-03-01,portal_done,,2026-08-24 05:01:14.781337+00:00,Medicos Residentes - Ministerio da Defesa.xlsx - Planilha1.csv,2026-07-23 11:00:49.785299+00:00,False,,,,,,,False,,,True,False,21972614875,True,1,,,,higor42stay@gmail.com,higorflag@hotmail.com,TRV  EPIFANIO QUINTANILHA TRAVESSA,RIO BONITO,RJ,28800000,1997-11-11,MARIA DE NAZARE GONCALVES DE SOUZA,False
62d2d73b-8514-40f8-b2e9-cf95a57320b3,HUGO CEZAR FIUSA,***.495.385-**,08349538546,352****,MEDICO RESIDENTE,Comando da Aeron·utica,,,Cargo,RESIDENCIA E PMM,MEDICO RESIDENTE,60 HORAS SEMANAIS,2026-03-01,2026-03-01,lemitti_enriching,,2026-08-24 05:00:36.942849+00:00,Medicos Residentes - Ministerio da Defesa.xlsx - Planilha1.csv,2026-07-23 11:00:49.785299+00:00,False,,,,,,,False,,,True,False,,,,,,,,,,,,,2001-07-16,KATIA VIRGINIA DE MATOS CESAR FIUSA,True
94c3339c-ebd0-4677-9bc2-1b00bcb56dec,HYSSAM BRUNETTA HAMIDA,***.173.581-**,03717358154,352****,MEDICO RESIDENTE,Comando da Aeron·utica,,,Cargo,RESIDENCIA E PMM,MEDICO RESIDENTE,60 HORAS SEMANAIS,2026-03-01,2026-03-01,portal_done,,2026-08-24 05:01:41.268549+00:00,Medicos Residentes - Ministerio da Defesa.xlsx - Planilha1.csv,2026-07-23 11:00:49.785299+00:00,False,,,,,,,False,,2,True,False,65999968559,True,1,6530552609,False,1,hyssam_b@hotmail.com,hyssampb@gmail.com,R  MINAS GERAIS,PRIMAVERA DO LESTE,MT,78850000,1997-09-10,ESTELAMAR TERESINHA BRUNETTA HAMIDA,False
3aa71fe3-6428-47a6-8e45-16f06f1d5380,IGOR ANDRADE SANTIAGO DA SILVA,***.945.937-**,14694593706,345****,MEDICO RESIDENTE,Comando da Aeron·utica,,,Cargo,RESIDENCIA E PMM,MEDICO RESIDENTE,60 HORAS SEMANAIS,2025-03-01,2025-03-01,portal_done,,2026-08-24 05:01:31.937114+00:00,Medicos Residentes - Ministerio da Defesa.xlsx - Planilha1.csv,2026-07-23 11:00:49.785299+00:00,False,,,,,,,False,,,True,False,21997743887,True,1,21994713887,True,2,wellisson2_@hotmail.com,igor.santiago12@gmail.com,,,,,1995-04-12,MARIA APARECIDA DE ANDRADE SANTIAGO,False
8f7b6e4f-f303-4c9e-9882-d128f335a719,IGOR CARDOSO CORDEIRO,***.115.327-**,12011532710,345****,MEDICO RESIDENTE,Comando da Aeron·utica,,,Cargo,RESIDENCIA E PMM,MEDICO RESIDENTE,60 HORAS SEMANAIS,2025-03-01,2025-03-01,portal_done,,2026-08-24 05:00:17.588021+00:00,Medicos Residentes - Ministerio da Defesa.xlsx - Planilha1.csv,2026-07-23 11:00:49.785299+00:00,False,,,,,,,False,,,True,False,21994248509,True,1,,,,igorccordeiro@hotmail.com,,R  BRASILIA,TERESOPOLIS,RJ,25958410,1998-02-18,DENIZE CARDOSO CORDEIRO,False
e267fa8b-b762-4f4e-a715-2e1a44244fa6,ILGNER DE SOUZA SANTOS,***.779.347-**,15277934782,345****,MEDICO RESIDENTE,Comando da Marinha,,,Cargo,RESIDENCIA E PMM,RESIDENCIA MULTIPROFISSIONAL,60 HORAS SEMANAIS,2025-03-01,2025-03-01,portal_done,,2026-08-24 05:00:07.803029+00:00,Medicos Residentes - Ministerio da Defesa.xlsx - Planilha1.csv,2026-07-23 11:00:49.785299+00:00,False,,,,,,,False,,,True,False,22998400958,True,1,22997135263,True,2,ilgnersouzasantos@outlook.com,,R STA CATARINA,SAO PEDRO DA ALDEIA,RJ,28949818,1997-05-30,REJANE MOURA DE SOUZA SANTOS,False
041fcd48-eab8-4c45-91c9-c9689e0de546,IRIS LEITE GOMES,***.322.577-**,17732257740,352****,MEDICO RESIDENTE,Comando da Aeron·utica,,,Cargo,RESIDENCIA E PMM,MEDICO RESIDENTE,60 HORAS SEMANAIS,2026-03-01,2026-03-01,portal_done,,2026-08-24 05:00:46.939934+00:00,Medicos Residentes - Ministerio da Defesa.xlsx - Planilha1.csv,2026-07-23 11:00:49.785299+00:00,False,,,,,,,False,,,True,False,21995161671,True,1,2226688978,False,1,irisgomes15.ig@gmail.com,,  BRIOLANGE FERREIRA GUIMARAES,RIO BONITO,RJ,28800000,1998-04-17,ADELIRES HONORATO LEITE GOMES,False
02178b1a-f8c1-4a8a-b11d-06e8e9cf4a2e,IRIS SALLES GONCALVES PEREIRA NUNES,***.192.487-**,19219248700,346****,MEDICO RESIDENTE,Comando da Aeron·utica,,,Cargo,RESIDENCIA E PMM,MEDICO RESIDENTE,60 HORAS SEMANAIS,2025-03-01,2025-03-01,portal_done,,2026-08-24 05:01:13.896292+00:00,Medicos Residentes - Ministerio da Defesa.xlsx - Planilha1.csv,2026-07-23 11:00:49.785299+00:00,False,,,,,,,False,,,True,False,22997480926,True,1,,,,irisfallespn@hotmail.com,iris-salles@hotmail.com,R CNSO JOSE FERNANDES,CAMPOS DOS GOYTACAZES,RJ,28035232,2001-01-17,GISELLE SALLES GONCALVES,False
ebb25fc3-76d0-4a75-88cb-2e089d0f5506,ISABELA ARONI MELCHIADES,***.701.047-**,14370104742,352****,MEDICO RESIDENTE,Comando da Marinha,,,Cargo,RESIDENCIA E PMM,MEDICO RESIDENTE,60 HORAS SEMANAIS,2026-03-01,2026-03-01,portal_done,,2026-08-24 05:00:18.611952+00:00,Medicos Residentes - Ministerio da Defesa.xlsx - Planilha1.csv,2026-07-23 11:00:49.785299+00:00,False,,,,,,,False,,,True,False,21999542208,True,1,,,,isabelamelchiades02@gmail.com,isabela_aroni@hotmail.com,,,,,1997-08-22,LEDA EUNICE ARONI MELCHIADES,False
954a724c-bfe4-4161-ab78-ab9664a25b91,ISABELA GUIMARAES STILBEN,***.781.657-**,13178165797,345****,MEDICO RESIDENTE,Comando da Aeron·utica,,,Cargo,RESIDENCIA E PMM,MEDICO RESIDENTE,60 HORAS SEMANAIS,2025-03-01,2025-03-01,portal_done,,2026-08-24 05:00:21.958540+00:00,Medicos Residentes - Ministerio da Defesa.xlsx - Planilha1.csv,2026-07-23 11:00:49.785299+00:00,False,,,,,,,False,,,True,False,21985854745,True,1,,,,isabelastilben94@hotmail.com,isabelastilben94@gmail.com,AV  ARNALDO LAGE,RIO DE JANEIRO,RJ,23028270,1994-02-24,MONICA GUIMARAES STILBEN,False
2e1788b3-5807-4f89-99fd-fbde71e91937,ISABELA LACERDA PYRRHO,***.546.307-**,12154630731,346****,MEDICO RESIDENTE,Comando da Aeron·utica,,,Cargo,RESIDENCIA E PMM,MEDICO RESIDENTE,60 HORAS SEMANAIS,2025-03-01,2025-03-01,portal_done,,2026-08-24 05:00:55.560743+00:00,Medicos Residentes - Ministerio da Defesa.xlsx - Planilha1.csv,2026-07-23 11:00:49.785299+00:00,False,,,,,,,False,,,True,False,21997083244,True,1,,,,belapyrrho@gmail.com,,R  COSME VELHO,RIO DE JANEIRO,RJ,22241125,1997-08-05,ELISA MARIA DE AQUINO LACERDA,False
e1de48c2-89f5-4ff1-9992-7cbf2e5becf0,ISABELLA BERTONE MAZALI,***.140.685-**,07614068599,352****,MEDICO RESIDENTE,Comando da Aeron·utica,,,Cargo,RESIDENCIA E PMM,MEDICO RESIDENTE,60 HORAS SEMANAIS,2026-03-01,2026-03-01,portal_done,,2026-08-24 05:01:20.052724+00:00,Medicos Residentes - Ministerio da Defesa.xlsx - Planilha1.csv,2026-07-23 11:00:49.785299+00:00,False,,,,,,,False,,,True,False,,,,,,,,,,,,,1998-07-04,ROSA MARIA BERTONE MAZALI,True
6ddef46a-15e0-4c8c-9ba2-bd83641e3388,ISABELLA GEORGES PELOGIA FARAH TRIGO,***.979.847-**,13097984780,352****,MEDICO RESIDENTE,Comando da Aeron·utica,,,Cargo,RESIDENCIA E PMM,MEDICO RESIDENTE,60 HORAS SEMANAIS,2026-03-01,2026-03-01,portal_done,,2026-08-24 05:01:33.549040+00:00,Medicos Residentes - Ministerio da Defesa.xlsx - Planilha1.csv,2026-07-23 11:00:49.785299+00:00,False,,,,,,,False,,,True,False,21997060390,True,1,,,,isabellapelogia@hotmail.com,,R  CARMELA DUTRA,TERESOPOLIS,RJ,25963140,1999-02-09,TATIANA PELOGIA,False
9b852501-775a-47ec-8ecf-5075f8aae9b3,ISABELLE CHRISTINE DE MORAES MOTTA,***.790.657-**,14879065790,339****,MEDICO RESIDENTE,Comando da Marinha,,,Cargo,RESIDENCIA E PMM,MEDICO RESIDENTE,60 HORAS SEMANAIS,2024-03-01,2024-03-01,portal_done,,2026-08-24 05:01:04.408604+00:00,Medicos Residentes - Ministerio da Defesa.xlsx - Planilha1.csv,2026-07-23 11:00:49.785299+00:00,False,,,,,,,False,,,True,False,21965710872,True,1,21986675299,True,2,isabellec.motta@yahoo.com,bebellemotta@yahoo.com.br,R  ITAMOTINGA,RIO DE JANEIRO,RJ,21341150,1995-12-10,IRENE DE MORAES MOTTA,False
209adfcd-e496-4621-bb90-ae1ebb14da46,ISABELLE MORAES MENDONCA,***.499.977-**,16549997763,345****,MEDICO RESIDENTE,Comando da Aeron·utica,,,Cargo,RESIDENCIA E PMM,MEDICO RESIDENTE,60 HORAS SEMANAIS,2025-03-01,2025-03-01,portal_done,,2026-08-24 05:02:35.586649+00:00,Medicos Residentes - Ministerio da Defesa.xlsx - Planilha1.csv,2026-07-23 11:00:49.785299+00:00,False,,,,,,,False,,,True,False,21988350835,True,1,21988170717,True,2,isabelle.m.mendonca@gmail.com,,R  LAERCIO XAVIER DE MENDONCA,SAO GONCALO,RJ,24745020,1997-07-26,VANEZA MORAES MENDONCA,False
778726e0-52a5-4655-a6bf-686b814b8e3f,JANAINA JUSTINO DO NASCIMENTO,***.208.007-**,09120800789,352****,MEDICO RESIDENTE,Comando da Marinha,,,Cargo,RESIDENCIA E PMM,MEDICO RESIDENTE,60 HORAS SEMANAIS,2026-03-01,2026-03-01,portal_done,,2026-08-24 05:02:34.639743+00:00,Medicos Residentes - Ministerio da Defesa.xlsx - Planilha1.csv,2026-07-23 11:00:49.785299+00:00,False,,,,,,,False,,,True,False,21999993552,True,1,21995840970,True,2,jjanajnascimento@yahoo.com.br,janajnascimento@hotmail.com,R DONA IRENE,NOVA IGUACU,RJ,26042550,1981-03-25,GLEIDE JUSTINO DO NASCIMENTO,False
93417042-1587-4d5e-b0af-2e55a4ef755d,JANAINA TAINA LOBATO RAFAEL,***.568.392-**,,352****,MEDICO RESIDENTE,Comando da Aeron·utica,,,Cargo,RESIDENCIA E PMM,MEDICO RESIDENTE,60 HORAS SEMANAIS,2026-03-01,2026-03-01,cpf_decoding,,2026-07-23 17:36:45.502717+00:00,Medicos Residentes - Ministerio da Defesa.xlsx - Planilha1.csv,2026-07-23 11:00:49.785299+00:00,,,,,,,,,,,,,,,,,,,,,,,,,,,
2c59a8e1-570d-4bde-9b9a-4a163d4ca9f8,JAQUELINE MACEDO BATISTA DA SILVA,***.396.402-**,,146****,MEDICO RESIDENTE,Comando da Aeron·utica,,,Cargo,RESIDENCIA E PMM,MEDICO RESIDENTE,60 HORAS SEMANAIS,2026-03-01,2025-04-01,cpf_decoding,,2026-07-23 17:41:27.843283+00:00,Medicos Residentes - Ministerio da Defesa.xlsx - Planilha1.csv,2026-07-23 11:00:49.785299+00:00,,,,,,,,,,,,,,,,,,,,,,,,,,,
0c449a2e-f175-48c0-9433-8523f4f59c50,JESSICA GONCALVES DE MEDEIROS,***.347.787-**,05934778714,195****,MEDICO RESIDENTE,Comando da Marinha,,,Cargo,RESIDENCIA E PMM,MEDICO RESIDENTE,60 HORAS SEMANAIS,2024-03-01,2024-03-01,portal_done,,2026-08-24 05:01:21.703776+00:00,Medicos Residentes - Ministerio da Defesa.xlsx - Planilha1.csv,2026-07-23 11:00:49.785299+00:00,False,,,,,,,False,,,True,False,21992292230,True,1,2135076187,False,1,jessiquinha81@hotmail.com,,R  INHARE,RIO DE JANEIRO,RJ,21311190,1991-05-27,ROSIMERY GONCALVES DE MEDEIROS,False
a8441aae-b6be-4199-bf9d-cc0716ee60c4,JESSICA MOSELLO,***.220.349-**,08722034927,152****,MEDICO RESIDENTE,Comando da Aeron·utica,,,Cargo,RESIDENCIA E PMM,MEDICO RESIDENTE,60 HORAS SEMANAIS,2026-03-01,2026-03-01,portal_done,,2026-08-24 05:01:57.310490+00:00,Medicos Residentes - Ministerio da Defesa.xlsx - Planilha1.csv,2026-07-23 11:00:49.785299+00:00,False,,,,,,,False,,,True,False,1138845007,False,1,1155712504,False,2,giuseppe.mosello@hotmail.com,mosellojessica@gmail.com,R ALF ANGELO SAMPAIO,CURITIBA,PR,80420160,1995-09-14,SANDRA CRISTINE MACHADO MOSELLO,False
45b1e7df-a660-469a-9088-d4f723a4d2a8,JOANA AMARAL ACIOLY,***.884.433-**,06288443360,346****,MEDICO RESIDENTE,Comando da Aeron·utica,,,Cargo,RESIDENCIA E PMM,MEDICO RESIDENTE,60 HORAS SEMANAIS,2025-03-23,2025-03-23,portal_done,,2026-08-24 05:01:45.594581+00:00,Medicos Residentes - Ministerio da Defesa.xlsx - Planilha1.csv,2026-07-23 11:00:49.785299+00:00,False,,,,,,,False,,,True,False,85988547610,True,1,85997156677,True,2,acioly.joana@gmail.com,,R  MELO FRANCO,VESPASIANO,MG,33206072,1995-07-16,JANETE PEREIRA DO AMARAL,False
f4074c1c-d5f1-4b90-a264-9688ba09646b,JOANA SAUERBRONN CORREA DA COSTA,***.339.837-**,19133983747,352****,MEDICO RESIDENTE,Comando da Aeron·utica,,,Cargo,RESIDENCIA E PMM,MEDICO RESIDENTE,60 HORAS SEMANAIS,2026-03-01,2026-03-01,portal_done,,2026-08-24 05:00:12.501324+00:00,Medicos Residentes - Ministerio da Defesa.xlsx - Planilha1.csv,2026-07-23 11:00:49.785299+00:00,False,,,,,,,False,,,True,False,,,,,,,joanasauerbronn@gmail.com,,,,,,2001-10-05,ANA CECILIA SAUERBRONN CORREA DA COSTA,False
8dd33cf2-d8ee-4424-8661-dd25e3176b29,JOAO AYRES DO COUTO NETO,***.744.421-**,04474442121,333****,MEDICO RESIDENTE,Comando da Marinha,,,Cargo,RESIDENCIA E PMM,MEDICO RESIDENTE,60 HORAS SEMANAIS,2023-03-01,2023-03-01,portal_done,,2026-08-24 05:00:55.875972+00:00,Medicos Residentes - Ministerio da Defesa.xlsx - Planilha1.csv,2026-07-23 11:00:49.785299+00:00,False,,,,,,,False,,,True,False,21992200372,True,1,21993336232,True,2,joaoneto1005@hotmail.com,,R  CORA FRANCISCO DE CARVALHO,PORTO NACIONAL,TO,77500000,1995-05-10,ROSILENE LOURENCO MESQUITA DO COUTO,False
77b5f23b-3113-4acd-95b2-8dde5cb962c5,JOAO FERNANDO CUNHA RODRIGUES,***.899.607-**,13589960752,345****,MEDICO RESIDENTE,Comando da Marinha,,,Cargo,RESIDENCIA E PMM,MEDICO RESIDENTE,60 HORAS SEMANAIS,2025-03-01,2025-03-01,portal_done,,2026-08-24 05:02:21.961483+00:00,Medicos Residentes - Ministerio da Defesa.xlsx - Planilha1.csv,2026-07-23 11:00:49.785299+00:00,False,,,,,,,False,,,True,False,21983850014,True,1,,,,anapaularodrigues11@gmail.com,cunharodrigues.joaof@gmail.com,AV  LUCIO COSTA,RIO DE JANEIRO,RJ,22630010,2000-05-28,ANA PAULA CUNHA RODRIGUES,False
d350dc53-0ae5-4fe4-843a-8b5cfd18766f,JOAO GABRIEL DA SILVEIRA LINS,***.286.087-**,16728608737,346****,MEDICO RESIDENTE,Comando da Aeron·utica,,,Cargo,RESIDENCIA E PMM,MEDICO RESIDENTE,60 HORAS SEMANAIS,2025-03-01,2025-03-01,portal_done,,2026-08-24 05:00:11.113534+00:00,Medicos Residentes - Ministerio da Defesa.xlsx - Planilha1.csv,2026-07-23 11:00:49.785299+00:00,False,,,,,,,False,,,True,False,21964170081,True,1,,,,jg2v96@gmail.com,jg2v@hotmail.com,R S CAETANO DO SUL,RIO DE JANEIRO,RJ,21330000,1996-07-04,ANDREA DA SILVEIRA,False
bb1d870d-9607-4c8e-a158-06584858ea1d,JOAO GABRIEL LEWIN BANDEIRA,***.838.197-**,14983819797,352****,MEDICO RESIDENTE,Comando da Marinha,,,Cargo,RESIDENCIA E PMM,MEDICO RESIDENTE,60 HORAS SEMANAIS,2026-03-01,2026-03-01,portal_done,,2026-08-24 05:00:14.819440+00:00,Medicos Residentes - Ministerio da Defesa.xlsx - Planilha1.csv,2026-07-23 11:00:49.785299+00:00,False,,,,,,,False,,,True,False,,,,,,,joaolewinb@gmail.com,,R  CALHEIROS GOMES,RIO DE JANEIRO,RJ,22611280,1998-08-26,FLAVIA SALLES TEIXEIRA LEWIN,False
ed14807e-80ef-47bb-b540-91555813a1af,JOAO PEDRO BARCELLOS VEIGA,***.545.497-**,14554549747,345****,MEDICO RESIDENTE,Comando da Aeron·utica,,,Cargo,RESIDENCIA E PMM,MEDICO RESIDENTE,60 HORAS SEMANAIS,2025-03-01,2025-03-01,portal_done,,2026-08-24 05:01:46.590349+00:00,Medicos Residentes - Ministerio da Defesa.xlsx - Planilha1.csv,2026-07-23 11:00:49.785299+00:00,False,,,,,,,False,,,True,False,21981038668,True,1,,,,joaopedrobveiga@hotmail.com,w.akino@hotmail.com,EST  FRANCISCO DA CRUZ NUNES,NITEROI,RJ,24340000,1991-03-13,DAYSE MARIA BARCELLOS VEIGA,False
11e8662c-dc04-43e3-8d1c-767c0c25b3dc,JOAO VICTOR COSTA BARRETO BRIGIDO,***.163.163-**,04416316305,137****,MEDICO RESIDENTE,Comando da Marinha,,,Cargo,RESIDENCIA E PMM,MEDICO RESIDENTE,60 HORAS SEMANAIS,2024-03-01,2024-03-01,portal_done,,2026-08-24 05:02:28.516353+00:00,Medicos Residentes - Ministerio da Defesa.xlsx - Planilha1.csv,2026-07-23 11:00:49.785299+00:00,False,,,,,,,False,,,True,False,21969797899,True,1,83999000514,True,2,jvbrigido@gmail.com,,R  SANTOS DUMONT,NITEROI,RJ,24220280,1991-10-16,MONICA ROMEIRO MESSIAS DA COSTA,False
ecd5e969-85c8-46c9-929a-665cab103de1,JOAO VICTOR WUTKOVESKY ALMADA DE ANGELIS,***.213.866-**,13021386695,346****,MEDICO RESIDENTE,Comando da Marinha,,,Cargo,RESIDENCIA E PMM,MEDICO RESIDENTE,60 HORAS SEMANAIS,2025-03-01,2025-03-01,portal_done,,2026-08-24 05:02:29.976224+00:00,Medicos Residentes - Ministerio da Defesa.xlsx - Planilha1.csv,2026-07-23 11:00:49.785299+00:00,False,,,,,,,False,,,True,False,32988976724,False,1,21996976724,True,2,joaovictorwaa@gmail.com,joaov_angelis@hotmail.com,R  JORGE LOSSIO,TERESOPOLIS,RJ,25961265,1997-06-14,ANA CRISTINA WUTKOVESKY DE ANGELIS,False
bed8a487-1dc7-424f-b6c4-5681c7ba2ccb,JOAO VITOR DE SOUZA ANDRADE,***.125.797-**,17712579709,352****,MEDICO RESIDENTE,Comando da Marinha,,,Cargo,RESIDENCIA E PMM,MEDICO RESIDENTE,60 HORAS SEMANAIS,2026-03-01,2026-03-01,portal_done,,2026-08-24 05:00:26.724930+00:00,Medicos Residentes - Ministerio da Defesa.xlsx - Planilha1.csv,2026-07-23 11:00:49.785299+00:00,False,,,,,,,False,,,True,False,21996132803,True,1,,,,jvitor.souza2001@gmail.com,,R SEN VERGUEIRO,RIO DE JANEIRO,RJ,22230001,2001-03-28,MARCIA TEREZA DA SILVA SOUZA ANDRADE,False
a8a26b5a-cb3e-4f4c-a243-6e0ca13f39f2,JOAO VITOR MACHADO GISMONDI,***.871.947-**,11687194700,345****,MEDICO RESIDENTE,Comando da Marinha,,,Cargo,RESIDENCIA E PMM,MEDICO RESIDENTE,60 HORAS SEMANAIS,2025-03-01,2025-03-01,portal_done,,2026-08-24 05:00:19.105418+00:00,Medicos Residentes - Ministerio da Defesa.xlsx - Planilha1.csv,2026-07-23 11:00:49.785299+00:00,False,,,,,,,False,,,True,False,21999193140,False,1,,,,joaovitorgismond1@hotmail.com,joaovitorgismond1@gmail.com,R  JOAO BATISTA,RIO BONITO,RJ,28800000,1998-03-27,FLAVIA JORGE MACHADO GISMONDI,False
a51f32bc-2c16-486b-bd4e-975d888d4e0a,JOSE ROBERTO DA SILVA JUNIOR,***.593.055-**,,352****,MEDICO RESIDENTE,Comando da Aeron·utica,,,Cargo,RESIDENCIA E PMM,MEDICO RESIDENTE,60 HORAS SEMANAIS,2026-03-01,2026-03-01,cpf_decoding,,2026-07-23 17:46:03.360497+00:00,Medicos Residentes - Ministerio da Defesa.xlsx - Planilha1.csv,2026-07-23 11:00:49.785299+00:00,,,,,,,,,,,,,,,,,,,,,,,,,,,
cd746b3a-edbd-42f3-ad18-eae398335359,JOSEMAR TAVARES DA SILVA NETO,***.214.847-**,14221484756,146****,MEDICO RESIDENTE,Comando da Marinha,,,Cargo,RESIDENCIA E PMM,MEDICO RESIDENTE,60 HORAS SEMANAIS,2026-03-01,2026-03-01,portal_done,,2026-08-24 05:01:02.695633+00:00,Medicos Residentes - Ministerio da Defesa.xlsx - Planilha1.csv,2026-07-23 11:00:49.785299+00:00,False,,,,,,,False,,,True,False,21981764855,True,1,2134961744,False,1,josemar_neto@hotmail.com,,AV  LUCIO COSTA,RIO DE JANEIRO,RJ,22630011,1997-03-07,ELIANR CESAR CORREIA,False
e93c484b-f372-40a3-a7b1-820f4645ff3d,JOYCI ROCHA SANTOS,***.973.802-**,03597380280,345****,MEDICO RESIDENTE,Comando da Marinha,,,Cargo,RESIDENCIA E PMM,RESIDENCIA MULTIPROFISSIONAL,60 HORAS SEMANAIS,2025-03-01,2025-03-01,portal_done,,2026-08-24 05:01:19.128857+00:00,Medicos Residentes - Ministerio da Defesa.xlsx - Planilha1.csv,2026-07-23 11:00:49.785299+00:00,False,,,,,,,False,,,True,False,21987648250,True,1,,,,jojo.joycirocha@gmail.com,,  ARAUCARIA,VALE DO PARAISO,RO,76923000,1998-11-11,MARIA APARECIDA GOMES DA ROCHA SANTOS,False
f30d6cce-b9b7-4d02-b4b2-c2eca03f5308,JULIA CARVALHO BEBBER,***.194.327-**,13619432708,346****,MEDICO RESIDENTE,Comando da Aeron·utica,,,Cargo,RESIDENCIA E PMM,MEDICO RESIDENTE,60 HORAS SEMANAIS,2025-03-01,2025-03-01,portal_done,,2026-08-24 05:01:50.157294+00:00,Medicos Residentes - Ministerio da Defesa.xlsx - Planilha1.csv,2026-07-23 11:00:49.785299+00:00,False,,,,,,,False,,,True,False,,,,,,,juliabebber@globo.com,,R  PINTO ALPOIM,RIO DE JANEIRO,RJ,21940230,2000-05-19,MARIA LUIZA DE CARVALHO SILVA BEBBER,False
dce6ba2f-4d54-4203-801e-463bfd5bd225,JULIA DE CASTRO LANNES,***.523.787-**,18652378762,339****,MEDICO RESIDENTE,Comando da Marinha,,,Cargo,RESIDENCIA E PMM,MEDICO RESIDENTE,60 HORAS SEMANAIS,2024-03-01,2024-03-01,portal_done,,2026-08-24 05:01:39.645449+00:00,Medicos Residentes - Ministerio da Defesa.xlsx - Planilha1.csv,2026-07-23 11:00:49.785299+00:00,False,,,,,,,False,,,True,False,,,,,,,julannes15@gmail.com,,R  LUIS CRULS,RIO DE JANEIRO,RJ,22735190,2000-02-19,ANDREA DE CASTRO LANNES,False
7e94f44a-ad49-4b54-b746-f1c5fe123cb3,JULIA DOS SANTOS CABRAL VIEIRA,***.832.337-**,14683233770,328****,MEDICO RESIDENTE,Comando da Marinha,,,Cargo,RESIDENCIA E PMM,MEDICO RESIDENTE,60 HORAS SEMANAIS,2022-03-01,2022-03-01,portal_done,,2026-08-24 05:02:27.727897+00:00,Medicos Residentes - Ministerio da Defesa.xlsx - Planilha1.csv,2026-07-23 11:00:49.785299+00:00,False,,,,,,,False,,,True,False,2122694613,False,1,,,,juliascvieira23@gmail.com,,R TEN FRANCA,RIO DE JANEIRO,RJ,20771445,1994-06-23,MARIA DE LURDES DOS SANTOS CABRAL VIEIRA,False
486f2c2e-5918-4c35-85bf-1302076ff59a,JULIA REIS DE LUCENA,***.936.957-**,13993695712,345****,MEDICO RESIDENTE,Comando da Marinha,,,Cargo,RESIDENCIA E PMM,MEDICO RESIDENTE,60 HORAS SEMANAIS,2025-03-01,2025-03-01,portal_done,,2026-08-24 05:01:11.416539+00:00,Medicos Residentes - Ministerio da Defesa.xlsx - Planilha1.csv,2026-07-23 11:00:49.785299+00:00,False,,,,,,,False,,,True,False,22999938262,True,1,,,,lucenajuliar@gmail.com,,R BR DE LUCENA,NOVA FRIBURGO,RJ,28621020,1996-10-02,KATIA SIMONE REIS DE LUCENA,False
70e079f1-3037-4377-8ccb-49fb88620be4,JULIA ROSA MIRANDA,***.283.877-**,14428387792,352****,MEDICO RESIDENTE,Comando da Aeron·utica,,,Cargo,RESIDENCIA E PMM,MEDICO RESIDENTE,60 HORAS SEMANAIS,2026-03-01,2026-03-01,portal_done,,2026-08-24 05:02:24.889396+00:00,Medicos Residentes - Ministerio da Defesa.xlsx - Planilha1.csv,2026-07-23 11:00:49.785299+00:00,False,,,,,,,False,,,True,False,22996081936,False,1,22999199921,True,2,juliarosamir@gmail.com,jujurmiranda@hotmail.com,  MARIA DO ROSARIO RIBEIRO,CASIMIRO DE ABREU,RJ,28860000,1999-10-26,MAGNA ROSA MIRANDA,False
cb661cd3-160c-4144-afbe-06873a771a91,JULIANA ARANTES DE ANDRADE,***.612.278-**,,152****,MEDICO RESIDENTE,Comando da Aeron·utica,,,Cargo,RESIDENCIA E PMM,MEDICO RESIDENTE,60 HORAS SEMANAIS,2026-03-01,2026-03-01,cpf_decoding,,2026-07-23 17:51:05.133720+00:00,Medicos Residentes - Ministerio da Defesa.xlsx - Planilha1.csv,2026-07-23 11:00:49.785299+00:00,,,,,,,,,,,,,,,,,,,,,,,,,,,
c0a3e9f4-52a3-4545-9947-6f09c7015a24,JULIANA BRANDAO RODRIGUES,***.537.527-**,,352****,MEDICO RESIDENTE,Comando da Aeron·utica,,,Cargo,RESIDENCIA E PMM,MEDICO RESIDENTE,60 HORAS SEMANAIS,2026-03-01,2026-03-01,cpf_decoding,,2026-07-23 17:51:06.696782+00:00,Medicos Residentes - Ministerio da Defesa.xlsx - Planilha1.csv,2026-07-23 11:00:49.785299+00:00,,,,,,,,,,,,,,,,,,,,,,,,,,,
9fba7c55-8318-4a93-bf5f-8154c9bc3772,JULIANA DE FIGUEIREDO BULLOS,***.458.967-**,,345****,MEDICO RESIDENTE,Comando da Marinha,,,Cargo,RESIDENCIA E PMM,MEDICO RESIDENTE,60 HORAS SEMANAIS,2025-03-01,2025-03-01,cpf_decoding,,2026-07-23 17:51:08.184288+00:00,Medicos Residentes - Ministerio da Defesa.xlsx - Planilha1.csv,2026-07-23 11:00:49.785299+00:00,,,,,,,,,,,,,,,,,,,,,,,,,,,
1debea85-5e69-444b-8b1f-16462e384f36,JULIANA IGREJA PINTO,***.116.107-**,,103****,MEDICO RESIDENTE,Comando da Marinha,,,Cargo,RESIDENCIA E PMM,MEDICO RESIDENTE,60 HORAS SEMANAIS,2025-03-01,2025-03-01,cpf_decoding,,2026-07-23 17:51:09.248104+00:00,Medicos Residentes - Ministerio da Defesa.xlsx - Planilha1.csv,2026-07-23 11:00:49.785299+00:00,,,,,,,,,,,,,,,,,,,,,,,,,,,
cc091508-c9a4-47b2-8cda-6ea5a25dd20b,JULIANA MOREIRA GUERRA,***.371.417-**,,352****,MEDICO RESIDENTE,Comando da Marinha,,,Cargo,RESIDENCIA E PMM,MEDICO RESIDENTE,60 HORAS SEMANAIS,2026-03-01,2026-03-01,cpf_decoding,,2026-07-23 17:51:10.360191+00:00,Medicos Residentes - Ministerio da Defesa.xlsx - Planilha1.csv,2026-07-23 11:00:49.785299+00:00,,,,,,,,,,,,,,,,,,,,,,,,,,,
bf53b8de-0636-4528-a2d6-2cd7d87d088e,JULIANA SILVARES GONCALVES CANAL,***.186.747-**,,352****,MEDICO RESIDENTE,Comando da Marinha,,,Cargo,RESIDENCIA E PMM,MEDICO RESIDENTE,60 HORAS SEMANAIS,2026-03-01,2026-03-01,cpf_decoding,,2026-07-23 17:51:11.259803+00:00,Medicos Residentes - Ministerio da Defesa.xlsx - Planilha1.csv,2026-07-23 11:00:49.785299+00:00,,,,,,,,,,,,,,,,,,,,,,,,,,,
0525cf16-e088-4d25-84fb-b6f7493bdc2c,JULIANE TAIS SOARES DOS SANTOS,***.970.477-**,,352****,MEDICO RESIDENTE,Comando da Marinha,,,Cargo,RESIDENCIA E PMM,MEDICO RESIDENTE,60 HORAS SEMANAIS,2026-03-01,2026-03-01,cpf_decoding,,2026-07-23 17:51:12.711782+00:00,Medicos Residentes - Ministerio da Defesa.xlsx - Planilha1.csv,2026-07-23 11:00:49.785299+00:00,,,,,,,,,,,,,,,,,,,,,,,,,,,
6e2ff95b-a9fc-4bf9-9177-1bb0f868c70a,KARINA AZEVEDO LOBO,***.540.977-**,,352****,MEDICO RESIDENTE,Comando da Aeron·utica,,,Cargo,RESIDENCIA E PMM,MEDICO RESIDENTE,60 HORAS SEMANAIS,2026-03-01,2026-03-01,cpf_decoding,,2026-07-23 17:51:13.605836+00:00,Medicos Residentes - Ministerio da Defesa.xlsx - Planilha1.csv,2026-07-23 11:00:49.785299+00:00,,,,,,,,,,,,,,,,,,,,,,,,,,,
3780ab11-9124-44f2-8059-eb7f6eeee69a,KARINA DE OLIVEIRA CANECA,***.940.827-**,,346****,MEDICO RESIDENTE,Comando da Aeron·utica,,,Cargo,RESIDENCIA E PMM,MEDICO RESIDENTE,60 HORAS SEMANAIS,2025-03-01,2025-03-01,cpf_decoding,,2026-07-23 17:51:14.576025+00:00,Medicos Residentes - Ministerio da Defesa.xlsx - Planilha1.csv,2026-07-23 11:00:49.785299+00:00,,,,,,,,,,,,,,,,,,,,,,,,,,,
b40fdfa4-7e36-4fb7-bc51-6591038417ec,KAROLINE ALVES MAGALHAES SOUZA,***.005.152-**,,222****,MEDICO RESIDENTE,Comando da Marinha,,,Cargo,RESIDENCIA E PMM,MEDICO RESIDENTE,60 HORAS SEMANAIS,2026-03-01,2026-03-01,cpf_decoding,,2026-07-23 17:51:16.021345+00:00,Medicos Residentes - Ministerio da Defesa.xlsx - Planilha1.csv,2026-07-23 11:00:49.785299+00:00,,,,,,,,,,,,,,,,,,,,,,,,,,,
bbcf560b-0a5d-4910-9fbe-cd4d44564bfe,KASSIO COVRE,***.286.147-**,,210****,MEDICO RESIDENTE,Comando da Marinha,,,Cargo,RESIDENCIA E PMM,MEDICO RESIDENTE,60 HORAS SEMANAIS,2025-03-01,2025-03-01,cpf_decoding,,2026-07-23 17:51:17.500485+00:00,Medicos Residentes - Ministerio da Defesa.xlsx - Planilha1.csv,2026-07-23 11:00:49.785299+00:00,,,,,,,,,,,,,,,,,,,,,,,,,,,
6a41dff4-c2da-4aa5-8101-2ea0d59627c3,KELLI DA SILVA GONCALVES,***.768.277-**,,107****,MEDICO RESIDENTE,Comando da Marinha,,,Cargo,RESIDENCIA E PMM,MEDICO RESIDENTE,60 HORAS SEMANAIS,2024-03-01,2024-03-01,cpf_decoding,,2026-07-23 17:51:18.566734+00:00,Medicos Residentes - Ministerio da Defesa.xlsx - Planilha1.csv,2026-07-23 11:00:49.785299+00:00,,,,,,,,,,,,,,,,,,,,,,,,,,,
21d451e0-67de-4ab3-ad04-81dba9151830,KITTARO OITTAVO MOREIRA TEIXEIRA DA LUZ,***.640.805-**,,352****,MEDICO RESIDENTE,Comando da Aeron·utica,,,Cargo,RESIDENCIA E PMM,MEDICO RESIDENTE,60 HORAS SEMANAIS,2026-03-01,2026-03-01,cpf_decoding,,2026-07-23 17:51:19.452470+00:00,Medicos Residentes - Ministerio da Defesa.xlsx - Planilha1.csv,2026-07-23 11:00:49.785299+00:00,,,,,,,,,,,,,,,,,,,,,,,,,,,
f0408b32-ff24-48eb-a36a-8c8a25dd3af0,LAENE PINTO ROSADO,***.998.554-**,,129****,MEDICO RESIDENTE,Comando da Aeron·utica,,,Cargo,RESIDENCIA E PMM,MEDICO RESIDENTE,60 HORAS SEMANAIS,2026-03-01,2026-03-01,cpf_decoding,,2026-07-23 17:51:20.683238+00:00,Medicos Residentes - Ministerio da Defesa.xlsx - Planilha1.csv,2026-07-23 11:00:49.785299+00:00,,,,,,,,,,,,,,,,,,,,,,,,,,,
280f90c3-cf16-4444-8185-5c6df3c66a8d,LAILA SILVEIRA LOUVAIN,***.275.787-**,,352****,MEDICO RESIDENTE,Comando da Marinha,,,Cargo,RESIDENCIA E PMM,MEDICO RESIDENTE,60 HORAS SEMANAIS,2026-03-01,2026-03-01,cpf_decoding,,2026-07-23 17:51:21.854940+00:00,Medicos Residentes - Ministerio da Defesa.xlsx - Planilha1.csv,2026-07-23 11:00:49.785299+00:00,,,,,,,,,,,,,,,,,,,,,,,,,,,
490de138-5a12-4bca-a80a-3a528d76de5b,LAIS DA HORA LUCENA SILVA,***.724.463-**,,134****,MEDICO RESIDENTE,Comando da Aeron·utica,,,Cargo,RESIDENCIA E PMM,MEDICO RESIDENTE,60 HORAS SEMANAIS,2026-03-01,2026-03-01,cpf_decoding,,2026-07-23 17:51:23.021383+00:00,Medicos Residentes - Ministerio da Defesa.xlsx - Planilha1.csv,2026-07-23 11:00:49.785299+00:00,,,,,,,,,,,,,,,,,,,,,,,,,,,
583f9c6d-c522-42e8-88af-ada5da113487,LAIS SANTOS MOCKDECE,***.549.507-**,,339****,MEDICO RESIDENTE,Comando da Marinha,,,Cargo,RESIDENCIA E PMM,MEDICO RESIDENTE,60 HORAS SEMANAIS,2024-03-01,2024-03-01,cpf_decoding,,2026-07-23 17:51:24.595706+00:00,Medicos Residentes - Ministerio da Defesa.xlsx - Planilha1.csv,2026-07-23 11:00:49.785299+00:00,,,,,,,,,,,,,,,,,,,,,,,,,,,
967fc39d-1ae0-4f33-a63e-16a4d8e37497,LARA DEPES FORNAZIER,***.028.837-**,,352****,MEDICO RESIDENTE,Comando da Aeron·utica,,,Cargo,RESIDENCIA E PMM,MEDICO RESIDENTE,60 HORAS SEMANAIS,2026-03-01,2026-03-01,cpf_decoding,,2026-07-23 17:51:25.871987+00:00,Medicos Residentes - Ministerio da Defesa.xlsx - Planilha1.csv,2026-07-23 11:00:49.785299+00:00,,,,,,,,,,,,,,,,,,,,,,,,,,,
0e2275a8-9788-4d48-9288-c528cecc12cb,LARISSA ARAUJO LOPES DE SOUZA,***.700.137-**,,345****,MEDICO RESIDENTE,Comando da Marinha,,,Cargo,RESIDENCIA E PMM,MEDICO RESIDENTE,60 HORAS SEMANAIS,2025-03-01,2025-03-01,cpf_decoding,,2026-07-23 17:51:26.846529+00:00,Medicos Residentes - Ministerio da Defesa.xlsx - Planilha1.csv,2026-07-23 11:00:49.785299+00:00,,,,,,,,,,,,,,,,,,,,,,,,,,,
adffe4bb-dab7-447c-a1ec-b6b7c8b06037,LARISSA DE ALMEIDA RITTI,***.997.896-**,,345****,MEDICO RESIDENTE,Comando da Marinha,,,Cargo,RESIDENCIA E PMM,MEDICO RESIDENTE,60 HORAS SEMANAIS,2025-03-01,2025-03-01,cpf_decoding,,2026-07-23 17:51:27.974980+00:00,Medicos Residentes - Ministerio da Defesa.xlsx - Planilha1.csv,2026-07-23 11:00:49.785299+00:00,,,,,,,,,,,,,,,,,,,,,,,,,,,
d89a5aac-2230-4c28-83cb-fbaf0f7b18ae,LARISSA DE OLIVEIRA JACOMINO,***.927.007-**,,352****,MEDICO RESIDENTE,Comando da Aeron·utica,,,Cargo,RESIDENCIA E PMM,MEDICO RESIDENTE,60 HORAS SEMANAIS,2026-03-01,2026-03-01,cpf_decoding,,2026-07-23 17:51:28.976834+00:00,Medicos Residentes - Ministerio da Defesa.xlsx - Planilha1.csv,2026-07-23 11:00:49.785299+00:00,,,,,,,,,,,,,,,,,,,,,,,,,,,
4faf9de9-6f27-4bc3-bf43-7f48430ef1b2,LARISSA LEMOS DE MATTOS,***.572.217-**,,352****,MEDICO RESIDENTE,Comando da Aeron·utica,,,Cargo,RESIDENCIA E PMM,MEDICO RESIDENTE,60 HORAS SEMANAIS,2026-03-01,2026-03-01,cpf_decoding,,2026-07-23 17:51:30.175454+00:00,Medicos Residentes - Ministerio da Defesa.xlsx - Planilha1.csv,2026-07-23 11:00:49.785299+00:00,,,,,,,,,,,,,,,,,,,,,,,,,,,
f07b9ccd-bf46-4364-a499-518088ca3af6,LARISSA MENEZES VAZ,***.643.367-**,,352****,MEDICO RESIDENTE,Comando da Marinha,,,Cargo,RESIDENCIA E PMM,MEDICO RESIDENTE,60 HORAS SEMANAIS,2026-03-01,2026-03-01,cpf_decoding,,2026-07-23 17:51:31.254961+00:00,Medicos Residentes - Ministerio da Defesa.xlsx - Planilha1.csv,2026-07-23 11:00:49.785299+00:00,,,,,,,,,,,,,,,,,,,,,,,,,,,
84777418-1576-45a2-9418-db626b66f9ef,LARYSSA MESSIAS PRADO,***.677.797-**,,352****,MEDICO RESIDENTE,Comando da Aeron·utica,,,Cargo,RESIDENCIA E PMM,MEDICO RESIDENTE,60 HORAS SEMANAIS,2026-03-01,2026-03-01,cpf_decoding,,2026-07-23 17:51:32.622123+00:00,Medicos Residentes - Ministerio da Defesa.xlsx - Planilha1.csv,2026-07-23 11:00:49.785299+00:00,,,,,,,,,,,,,,,,,,,,,,,,,,,
53618da0-8030-41f0-a98f-4349844c0d1c,LAURA CRISTINA MENDEZ LUCUMI,***.263.213-**,,339****,MEDICO RESIDENTE,Comando da Marinha,,,Cargo,RESIDENCIA E PMM,MEDICO RESIDENTE,60 HORAS SEMANAIS,2024-03-01,2024-03-01,cpf_decoding,,2026-07-23 17:51:33.484487+00:00,Medicos Residentes - Ministerio da Defesa.xlsx - Planilha1.csv,2026-07-23 11:00:49.785299+00:00,,,,,,,,,,,,,,,,,,,,,,,,,,,
67c279b7-7cec-48c3-a1cb-682b3297d058,LAURA SANTOS TARRE,***.968.677-**,,352****,MEDICO RESIDENTE,Comando da Aeron·utica,,,Cargo,RESIDENCIA E PMM,MEDICO RESIDENTE,60 HORAS SEMANAIS,2026-03-01,2026-03-01,cpf_decoding,,2026-07-23 17:51:34.560804+00:00,Medicos Residentes - Ministerio da Defesa.xlsx - Planilha1.csv,2026-07-23 11:00:49.785299+00:00,,,,,,,,,,,,,,,,,,,,,,,,,,,
7f9b0e77-d8be-424b-9ddc-8193eab343ec,LEONARDO COIMBRA DE QUEIROZ,***.968.127-**,,352****,MEDICO RESIDENTE,Comando da Marinha,,,Cargo,RESIDENCIA E PMM,MEDICO RESIDENTE,60 HORAS SEMANAIS,2026-03-01,2026-03-01,cpf_decoding,,2026-07-23 17:51:36.068794+00:00,Medicos Residentes - Ministerio da Defesa.xlsx - Planilha1.csv,2026-07-23 11:00:49.785299+00:00,,,,,,,,,,,,,,,,,,,,,,,,,,,
a9d20cc7-fd55-44f3-a56d-b905f7b37916,LETICIA FERREIRA DA CUNHA,***.076.247-**,,345****,MEDICO RESIDENTE,Comando da Marinha,,,Cargo,RESIDENCIA E PMM,RESIDENCIA MULTIPROFISSIONAL,60 HORAS SEMANAIS,2025-03-01,2025-03-01,cpf_decoding,,2026-07-23 17:51:37.638111+00:00,Medicos Residentes - Ministerio da Defesa.xlsx - Planilha1.csv,2026-07-23 11:00:49.785299+00:00,,,,,,,,,,,,,,,,,,,,,,,,,,,
cd52d8c9-305d-4dde-b433-222b35321926,LETICIA FERREIRA LEITAO,***.632.947-**,,345****,MEDICO RESIDENTE,Comando da Aeron·utica,,,Cargo,RESIDENCIA E PMM,MEDICO RESIDENTE,60 HORAS SEMANAIS,2025-03-01,2025-03-01,cpf_decoding,,2026-07-23 17:51:39.026461+00:00,Medicos Residentes - Ministerio da Defesa.xlsx - Planilha1.csv,2026-07-23 11:00:49.785299+00:00,,,,,,,,,,,,,,,,,,,,,,,,,,,
7c565a1e-185d-47e2-a3d1-40762cceaa39,LETICIA PASSOS DE SOUZA SANTOS,***.117.837-**,,346****,MEDICO RESIDENTE,Comando da Aeron·utica,,,Cargo,RESIDENCIA E PMM,MEDICO RESIDENTE,60 HORAS SEMANAIS,2025-03-01,2025-03-01,cpf_decoding,,2026-07-23 17:51:40.046738+00:00,Medicos Residentes - Ministerio da Defesa.xlsx - Planilha1.csv,2026-07-23 11:00:49.785299+00:00,,,,,,,,,,,,,,,,,,,,,,,,,,,
27c75193-779a-4143-b1c8-2ce40767e640,LETICIA SANTOS KIFER SILVA,***.408.701-**,,146****,MEDICO RESIDENTE,Comando da Aeron·utica,,,Cargo,RESIDENCIA E PMM,MEDICO RESIDENTE,60 HORAS SEMANAIS,2026-04-06,2026-04-06,cpf_decoding,,2026-07-23 17:51:41.276600+00:00,Medicos Residentes - Ministerio da Defesa.xlsx - Planilha1.csv,2026-07-23 11:00:49.785299+00:00,,,,,,,,,,,,,,,,,,,,,,,,,,,
e605e360-d07b-4397-8c25-1264f715c1a2,LETICIA VIEIRA OBEID,***.040.727-**,,132****,MEDICO RESIDENTE,Comando da Marinha,,,Cargo,RESIDENCIA E PMM,MEDICO RESIDENTE,60 HORAS SEMANAIS,2025-03-01,2025-03-01,cpf_decoding,,2026-07-23 17:51:42.759571+00:00,Medicos Residentes - Ministerio da Defesa.xlsx - Planilha1.csv,2026-07-23 11:00:49.785299+00:00,,,,,,,,,,,,,,,,,,,,,,,,,,,
57579766-96f3-4736-8161-0c37a54bfc39,LILLIAN MARIA FERNANDES DE CASTRO,***.219.074-**,,352****,MEDICO RESIDENTE,Comando da Aeron·utica,,,Cargo,RESIDENCIA E PMM,MEDICO RESIDENTE,60 HORAS SEMANAIS,2026-03-01,2026-03-01,cpf_decoding,,2026-07-23 17:51:44.279604+00:00,Medicos Residentes - Ministerio da Defesa.xlsx - Planilha1.csv,2026-07-23 11:00:49.785299+00:00,,,,,,,,,,,,,,,,,,,,,,,,,,,
cc379138-5282-47ee-8741-bc2200e456d7,LIONETE GALL ACOSTA FILHA,***.785.267-**,,352****,MEDICO RESIDENTE,Comando da Marinha,,,Cargo,RESIDENCIA E PMM,MEDICO RESIDENTE,60 HORAS SEMANAIS,2026-03-01,2026-03-01,cpf_decoding,,2026-07-23 17:51:45.697386+00:00,Medicos Residentes - Ministerio da Defesa.xlsx - Planilha1.csv,2026-07-23 11:00:49.785299+00:00,,,,,,,,,,,,,,,,,,,,,,,,,,,
603979f4-ef26-4f15-b5c5-1ae40e8c0bab,LORENA ARRUDA SANCHES,***.140.972-**,,346****,MEDICO RESIDENTE,Comando da Marinha,,,Cargo,RESIDENCIA E PMM,MEDICO RESIDENTE,60 HORAS SEMANAIS,2025-03-01,2025-03-01,cpf_decoding,,2026-07-23 17:51:47.307913+00:00,Medicos Residentes - Ministerio da Defesa.xlsx - Planilha1.csv,2026-07-23 11:00:49.785299+00:00,,,,,,,,,,,,,,,,,,,,,,,,,,,
a7a0c4f7-728a-4da3-a916-707ee5c88b60,LORENA MAGALHAES SOUZA,***.592.135-**,,352****,MEDICO RESIDENTE,Comando da Aeron·utica,,,Cargo,RESIDENCIA E PMM,MEDICO RESIDENTE,60 HORAS SEMANAIS,2026-03-01,2026-03-01,cpf_decoding,,2026-07-23 17:51:48.388124+00:00,Medicos Residentes - Ministerio da Defesa.xlsx - Planilha1.csv,2026-07-23 11:00:49.785299+00:00,,,,,,,,,,,,,,,,,,,,,,,,,,,
4e47eab5-3f04-4e23-8b7f-b6407f0310d5,LOURENCO PENA COSTA FERREIRA,***.417.686-**,,339****,MEDICO RESIDENTE,Comando da Marinha,,,Cargo,RESIDENCIA E PMM,MEDICO RESIDENTE,60 HORAS SEMANAIS,2024-03-01,2024-03-01,cpf_decoding,,2026-07-23 17:51:49.476306+00:00,Medicos Residentes - Ministerio da Defesa.xlsx - Planilha1.csv,2026-07-23 11:00:49.785299+00:00,,,,,,,,,,,,,,,,,,,,,,,,,,,
230dd2e7-fedb-4119-9d83-14cc5ea8e7b8,LUCA FERNANDES BRUNO,***.654.467-**,,345****,MEDICO RESIDENTE,Comando da Marinha,,,Cargo,RESIDENCIA E PMM,MEDICO RESIDENTE,60 HORAS SEMANAIS,2025-03-01,2025-03-01,cpf_decoding,,2026-07-23 17:51:50.385470+00:00,Medicos Residentes - Ministerio da Defesa.xlsx - Planilha1.csv,2026-07-23 11:00:49.785299+00:00,,,,,,,,,,,,,,,,,,,,,,,,,,,
1ff99657-5d5a-48a9-a1eb-19d5946da3a0,LUCA GONCALVES GOBBI,***.835.407-**,,339****,MEDICO RESIDENTE,Comando da Marinha,,,Cargo,RESIDENCIA E PMM,MEDICO RESIDENTE,60 HORAS SEMANAIS,2024-03-01,2024-03-01,cpf_decoding,,2026-07-23 17:51:51.971220+00:00,Medicos Residentes - Ministerio da Defesa.xlsx - Planilha1.csv,2026-07-23 11:00:49.785299+00:00,,,,,,,,,,,,,,,,,,,,,,,,,,,
31a445c8-3307-4963-9b87-a6e77e8fa325,LUCAS DALSENTER ROMANO DA SILVA,***.641.867-**,,352****,MEDICO RESIDENTE,Comando da Marinha,,,Cargo,RESIDENCIA E PMM,MEDICO RESIDENTE,60 HORAS SEMANAIS,2026-03-01,2026-03-01,cpf_decoding,,2026-07-23 17:51:53.509886+00:00,Medicos Residentes - Ministerio da Defesa.xlsx - Planilha1.csv,2026-07-23 11:00:49.785299+00:00,,,,,,,,,,,,,,,,,,,,,,,,,,,
3e554bfb-2324-4243-89a7-663a38b78727,LUCAS GOMES PONTES PESSOA,***.145.287-**,,345****,MEDICO RESIDENTE,Comando da Aeron·utica,,,Cargo,RESIDENCIA E PMM,MEDICO RESIDENTE,60 HORAS SEMANAIS,2025-03-01,2025-03-01,cpf_decoding,,2026-07-23 17:51:54.558685+00:00,Medicos Residentes - Ministerio da Defesa.xlsx - Planilha1.csv,2026-07-23 11:00:49.785299+00:00,,,,,,,,,,,,,,,,,,,,,,,,,,,
1733e431-f198-4b83-adcd-7fabe1d0f383,LUCAS RAMOS FACCI,***.191.537-**,,340****,MEDICO RESIDENTE,Comando da Aeron·utica,,,Cargo,RESIDENCIA E PMM,MEDICO RESIDENTE,60 HORAS SEMANAIS,2024-03-01,2024-03-01,cpf_decoding,,2026-07-23 17:51:55.449800+00:00,Medicos Residentes - Ministerio da Defesa.xlsx - Planilha1.csv,2026-07-23 11:00:49.785299+00:00,,,,,,,,,,,,,,,,,,,,,,,,,,,
bb6c6774-0053-47a1-a37f-a93b66bc9f38,LUCCAS NOVAES SILVA,***.934.047-**,,328****,MEDICO RESIDENTE,Comando da Aeron·utica,,,Cargo,RESIDENCIA E PMM,MEDICO RESIDENTE,60 HORAS SEMANAIS,2022-03-01,2022-03-01,cpf_decoding,,2026-07-23 17:51:56.413666+00:00,Medicos Residentes - Ministerio da Defesa.xlsx - Planilha1.csv,2026-07-23 11:00:49.785299+00:00,,,,,,,,,,,,,,,,,,,,,,,,,,,
9800b771-a439-4cdd-a671-305e6535581d,LUCIANO BRAGATTO ALMEIDA E SILVA,***.063.857-**,,345****,MEDICO RESIDENTE,Comando da Marinha,,,Cargo,RESIDENCIA E PMM,MEDICO RESIDENTE,60 HORAS SEMANAIS,2025-03-01,2025-03-01,cpf_decoding,,2026-07-23 17:51:57.775778+00:00,Medicos Residentes - Ministerio da Defesa.xlsx - Planilha1.csv,2026-07-23 11:00:49.785299+00:00,,,,,,,,,,,,,,,,,,,,,,,,,,,
223423fa-80dc-4576-8b50-2a59c7430449,LUIS FERNANDO PAULA DE AZEVEDO,***.224.097-**,,352****,MEDICO RESIDENTE,Comando da Marinha,,,Cargo,RESIDENCIA E PMM,MEDICO RESIDENTE,60 HORAS SEMANAIS,2026-03-01,2026-03-01,cpf_decoding,,2026-07-23 17:51:58.635755+00:00,Medicos Residentes - Ministerio da Defesa.xlsx - Planilha1.csv,2026-07-23 11:00:49.785299+00:00,,,,,,,,,,,,,,,,,,,,,,,,,,,
bf902f01-09f3-4a5e-a43e-a9afc3c70a46,LUISA JABOUR PAZELI,***.855.506-**,,132****,MEDICO RESIDENTE,Comando da Aeron·utica,,,Cargo,RESIDENCIA E PMM,MEDICO RESIDENTE,60 HORAS SEMANAIS,2026-03-01,2026-03-01,cpf_decoding,,2026-07-23 17:51:59.720058+00:00,Medicos Residentes - Ministerio da Defesa.xlsx - Planilha1.csv,2026-07-23 11:00:49.785299+00:00,,,,,,,,,,,,,,,,,,,,,,,,,,,
fed18b33-d6df-4011-a619-f4cf317a1cbd,LUISA ROMANA BESSA,***.795.741-**,,139****,MEDICO RESIDENTE,Comando da Aeron·utica,,,Cargo,RESIDENCIA E PMM,MEDICO RESIDENTE,60 HORAS SEMANAIS,2026-03-01,2026-03-01,cpf_decoding,,2026-07-23 17:52:00.685500+00:00,Medicos Residentes - Ministerio da Defesa.xlsx - Planilha1.csv,2026-07-23 11:00:49.785299+00:00,,,,,,,,,,,,,,,,,,,,,,,,,,,
b57d1f7c-c56c-4e31-b265-3cc1a3d95390,LUIZ EDUARDO FERREIRA,***.072.527-**,,352****,MEDICO RESIDENTE,Comando da Aeron·utica,,,Cargo,RESIDENCIA E PMM,MEDICO RESIDENTE,60 HORAS SEMANAIS,2026-03-01,2026-03-01,cpf_decoding,,2026-07-23 17:52:01.837117+00:00,Medicos Residentes - Ministerio da Defesa.xlsx - Planilha1.csv,2026-07-23 11:00:49.785299+00:00,,,,,,,,,,,,,,,,,,,,,,,,,,,
6c4b6f28-d39e-4307-8967-17ef250a0a3c,LUIZ GUSTAVO MARTINS COSTA,***.881.277-**,,118****,MEDICO RESIDENTE,Comando da Marinha,,,Cargo,RESIDENCIA E PMM,MEDICO RESIDENTE,60 HORAS SEMANAIS,2024-03-01,2024-03-01,cpf_decoding,,2026-07-23 17:52:02.742161+00:00,Medicos Residentes - Ministerio da Defesa.xlsx - Planilha1.csv,2026-07-23 11:00:49.785299+00:00,,,,,,,,,,,,,,,,,,,,,,,,,,,
5d47443e-5a66-43a3-a818-ad160814be0c,LUIZ LIMA CHAVES,***.295.332-**,,346****,MEDICO RESIDENTE,Comando da Aeron·utica,,,Cargo,RESIDENCIA E PMM,MEDICO RESIDENTE,60 HORAS SEMANAIS,2025-03-01,2025-03-01,cpf_decoding,,2026-07-23 17:52:03.958783+00:00,Medicos Residentes - Ministerio da Defesa.xlsx - Planilha1.csv,2026-07-23 11:00:49.785299+00:00,,,,,,,,,,,,,,,,,,,,,,,,,,,
4f03bb73-2945-4623-afb9-26880759e9d8,LUIZA DAL BERTO,***.203.579-**,,352****,MEDICO RESIDENTE,Comando da Aeron·utica,,,Cargo,RESIDENCIA E PMM,MEDICO RESIDENTE,60 HORAS SEMANAIS,2026-03-01,2026-03-01,cpf_decoding,,2026-07-23 17:52:05.228363+00:00,Medicos Residentes - Ministerio da Defesa.xlsx - Planilha1.csv,2026-07-23 11:00:49.785299+00:00,,,,,,,,,,,,,,,,,,,,,,,,,,,
940382f6-e518-4b7d-9d70-4c4f92b65b2f,LUIZA RODRIGUES LEAO PINA,***.794.567-**,,346****,MEDICO RESIDENTE,Comando da Aeron·utica,,,Cargo,RESIDENCIA E PMM,MEDICO RESIDENTE,60 HORAS SEMANAIS,2025-03-01,2025-03-01,cpf_decoding,,2026-07-23 17:52:06.370042+00:00,Medicos Residentes - Ministerio da Defesa.xlsx - Planilha1.csv,2026-07-23 11:00:49.785299+00:00,,,,,,,,,,,,,,,,,,,,,,,,,,,
e69f9c45-813b-4ab8-9e00-d6ed73a1a1cb,MALU ADELLI OLIVEIRA CARDOSO,***.754.355-**,,352****,MEDICO RESIDENTE,Comando da Marinha,,,Cargo,RESIDENCIA E PMM,MEDICO RESIDENTE,60 HORAS SEMANAIS,2026-03-01,2026-03-01,cpf_decoding,,2026-07-23 17:52:07.742906+00:00,Medicos Residentes - Ministerio da Defesa.xlsx - Planilha1.csv,2026-07-23 11:00:49.785299+00:00,,,,,,,,,,,,,,,,,,,,,,,,,,,
d6f8ee3a-1582-4b18-8e32-0411f8f462cf,MANOELA JAEGGER ESPOGEIRO,***.142.027-**,,352****,MEDICO RESIDENTE,Comando da Marinha,,,Cargo,RESIDENCIA E PMM,MEDICO RESIDENTE,60 HORAS SEMANAIS,2026-03-01,2026-03-01,cpf_decoding,,2026-07-23 17:52:09.063512+00:00,Medicos Residentes - Ministerio da Defesa.xlsx - Planilha1.csv,2026-07-23 11:00:49.785299+00:00,,,,,,,,,,,,,,,,,,,,,,,,,,,
8e27bc86-c3ca-4b39-bfcc-c0c8b712d8e9,MANOELA SAUER FACCIOLI,***.417.670-**,,352****,MEDICO RESIDENTE,Comando da Aeron·utica,,,Cargo,RESIDENCIA E PMM,MEDICO RESIDENTE,60 HORAS SEMANAIS,2026-03-01,2026-03-01,cpf_decoding,,2026-07-23 17:52:10.230459+00:00,Medicos Residentes - Ministerio da Defesa.xlsx - Planilha1.csv,2026-07-23 11:00:49.785299+00:00,,,,,,,,,,,,,,,,,,,,,,,,,,,
8d8e7fe7-c9b0-4b3e-aa3e-5094fe7863de,MANUELLA ALVES DE MENEZES BILOURO,***.490.687-**,,109****,MEDICO RESIDENTE,Comando da Aeron·utica,,,Cargo,RESIDENCIA E PMM,MEDICO RESIDENTE,60 HORAS SEMANAIS,2026-03-01,2026-03-01,cpf_decoding,,2026-07-23 17:52:11.838455+00:00,Medicos Residentes - Ministerio da Defesa.xlsx - Planilha1.csv,2026-07-23 11:00:49.785299+00:00,,,,,,,,,,,,,,,,,,,,,,,,,,,
ceb9b9ec-9650-4dd8-9b37-051abdd4308f,MARCELA CARNEIRO VASCONCELOS PAVANI,***.816.788-**,,140****,MEDICO RESIDENTE,Comando da Aeron·utica,,,Cargo,RESIDENCIA E PMM,MEDICO RESIDENTE,60 HORAS SEMANAIS,2025-06-13,2025-06-13,cpf_decoding,,2026-07-23 17:52:13.469485+00:00,Medicos Residentes - Ministerio da Defesa.xlsx - Planilha1.csv,2026-07-23 11:00:49.785299+00:00,,,,,,,,,,,,,,,,,,,,,,,,,,,
ac94d4cd-3b5d-42af-9522-2be8431b1d6f,MARCELLA FAYE DE SOUZA SALVADOR,***.245.516-**,,333****,MEDICO RESIDENTE,Comando da Marinha,,,Cargo,RESIDENCIA E PMM,MEDICO RESIDENTE,60 HORAS SEMANAIS,2023-03-01,2023-03-01,cpf_decoding,,2026-07-23 17:52:14.555798+00:00,Medicos Residentes - Ministerio da Defesa.xlsx - Planilha1.csv,2026-07-23 11:00:49.785299+00:00,,,,,,,,,,,,,,,,,,,,,,,,,,,
1446c6e4-a304-4caf-a44f-ba449878bd79,MARCELLE ALVES TORRES DA SILVA,***.222.617-**,,352****,MEDICO RESIDENTE,Comando da Aeron·utica,,,Cargo,RESIDENCIA E PMM,MEDICO RESIDENTE,60 HORAS SEMANAIS,2026-03-01,2026-03-01,cpf_decoding,,2026-07-23 17:52:15.568905+00:00,Medicos Residentes - Ministerio da Defesa.xlsx - Planilha1.csv,2026-07-23 11:00:49.785299+00:00,,,,,,,,,,,,,,,,,,,,,,,,,,,
47b7d929-5520-47a1-ba2a-11a356041e83,MARCIA ALVES NEVES,***.815.415-**,,339****,MEDICO RESIDENTE,Comando da Marinha,,,Cargo,RESIDENCIA E PMM,MEDICO RESIDENTE,60 HORAS SEMANAIS,2024-03-01,2024-03-01,cpf_decoding,,2026-07-23 17:52:16.542933+00:00,Medicos Residentes - Ministerio da Defesa.xlsx - Planilha1.csv,2026-07-23 11:00:49.785299+00:00,,,,,,,,,,,,,,,,,,,,,,,,,,,
f63cf242-47ca-41dc-9f8d-df9fdea2d407,MARCOS ALEXANDRE LOURENCO ALMEIDA,***.887.551-**,,252****,MEDICO RESIDENTE,Comando da Aeron·utica,,,Cargo,RESIDENCIA E PMM,MEDICO RESIDENTE,60 HORAS SEMANAIS,2026-03-01,2026-03-01,cpf_decoding,,2026-07-23 17:52:17.620743+00:00,Medicos Residentes - Ministerio da Defesa.xlsx - Planilha1.csv,2026-07-23 11:00:49.785299+00:00,,,,,,,,,,,,,,,,,,,,,,,,,,,
ad65a544-e8a1-47e5-a0cd-61e6b2acbf3d,MARCOS MIRANDA MACEDO,***.616.107-**,,345****,MEDICO RESIDENTE,Comando da Marinha,,,Cargo,RESIDENCIA E PMM,MEDICO RESIDENTE,60 HORAS SEMANAIS,2025-03-01,2025-03-01,cpf_decoding,,2026-07-23 17:52:19.085226+00:00,Medicos Residentes - Ministerio da Defesa.xlsx - Planilha1.csv,2026-07-23 11:00:49.785299+00:00,,,,,,,,,,,,,,,,,,,,,,,,,,,
9fd9f931-922a-4692-adbc-32ead7db5e33,MARCOS VINICIUS GARCIA OLIVEIRA,***.417.597-**,,345****,MEDICO RESIDENTE,Comando da Aeron·utica,,,Cargo,RESIDENCIA E PMM,MEDICO RESIDENTE,60 HORAS SEMANAIS,2025-03-01,2025-03-01,cpf_decoding,,2026-07-23 17:52:20.395037+00:00,Medicos Residentes - Ministerio da Defesa.xlsx - Planilha1.csv,2026-07-23 11:00:49.785299+00:00,,,,,,,,,,,,,,,,,,,,,,,,,,,
41cfe84e-311c-427b-aa01-64bcafa23125,MARIA APARECIDA MONTES FIALHO,***.234.157-**,,345****,MEDICO RESIDENTE,Comando da Marinha,,,Cargo,RESIDENCIA E PMM,MEDICO RESIDENTE,60 HORAS SEMANAIS,2025-03-01,2025-03-01,cpf_decoding,,2026-07-23 17:52:21.983834+00:00,Medicos Residentes - Ministerio da Defesa.xlsx - Planilha1.csv,2026-07-23 11:00:49.785299+00:00,,,,,,,,,,,,,,,,,,,,,,,,,,,
ea7dc402-0894-4b43-9f46-d72576b9a56c,MARIA AUGUSTA DE JESUS NUNES,***.263.387-**,,340****,MEDICO RESIDENTE,Comando da Marinha,,,Cargo,RESIDENCIA E PMM,MEDICO RESIDENTE,60 HORAS SEMANAIS,2024-03-01,2024-03-01,cpf_decoding,,2026-07-23 17:52:23.049279+00:00,Medicos Residentes - Ministerio da Defesa.xlsx - Planilha1.csv,2026-07-23 11:00:49.785299+00:00,,,,,,,,,,,,,,,,,,,,,,,,,,,
f409bbe5-84ee-4394-b873-aa885f3a6291,MARIA CAROLINA MENDES LIMA,***.368.867-**,,345****,MEDICO RESIDENTE,Comando da Aeron·utica,,,Cargo,RESIDENCIA E PMM,MEDICO RESIDENTE,60 HORAS SEMANAIS,2025-03-01,2025-03-01,cpf_decoding,,2026-07-23 17:52:24.207825+00:00,Medicos Residentes - Ministerio da Defesa.xlsx - Planilha1.csv,2026-07-23 11:00:49.785299+00:00,,,,,,,,,,,,,,,,,,,,,,,,,,,
87c19b65-267c-4974-899e-3f9651c673b2,MARIA CLARA BORGES COSTA,***.397.517-**,,352****,MEDICO RESIDENTE,Comando da Marinha,,,Cargo,RESIDENCIA E PMM,MEDICO RESIDENTE,60 HORAS SEMANAIS,2026-03-01,2026-03-01,cpf_decoding,,2026-07-23 17:52:25.434713+00:00,Medicos Residentes - Ministerio da Defesa.xlsx - Planilha1.csv,2026-07-23 11:00:49.785299+00:00,,,,,,,,,,,,,,,,,,,,,,,,,,,
d927d0a3-8b02-425b-adbc-2681eba28dbe,MARIA CLARA FONTAINE MANSO,***.173.327-**,,352****,MEDICO RESIDENTE,Comando da Marinha,,,Cargo,RESIDENCIA E PMM,MEDICO RESIDENTE,60 HORAS SEMANAIS,2026-03-01,2026-03-01,cpf_decoding,,2026-07-23 17:52:26.297046+00:00,Medicos Residentes - Ministerio da Defesa.xlsx - Planilha1.csv,2026-07-23 11:00:49.785299+00:00,,,,,,,,,,,,,,,,,,,,,,,,,,,
29058c6e-6b56-4d8b-a44b-9080a4005e68,MARIA EDUARDA DIB NOVAES,***.095.517-**,,346****,MEDICO RESIDENTE,Comando da Aeron·utica,,,Cargo,RESIDENCIA E PMM,MEDICO RESIDENTE,60 HORAS SEMANAIS,2025-03-01,2025-03-01,cpf_decoding,,2026-07-23 17:52:27.620146+00:00,Medicos Residentes - Ministerio da Defesa.xlsx - Planilha1.csv,2026-07-23 11:00:49.785299+00:00,,,,,,,,,,,,,,,,,,,,,,,,,,,
54dc28cb-965d-4747-80a5-62fac14ce3bb,MARIA EDUARDA MONTEIRO DE PAIVA,***.044.737-**,,352****,MEDICO RESIDENTE,Comando da Aeron·utica,,,Cargo,RESIDENCIA E PMM,MEDICO RESIDENTE,60 HORAS SEMANAIS,2026-03-01,2026-03-01,cpf_decoding,,2026-07-23 17:52:28.509917+00:00,Medicos Residentes - Ministerio da Defesa.xlsx - Planilha1.csv,2026-07-23 11:00:49.785299+00:00,,,,,,,,,,,,,,,,,,,,,,,,,,,
d3b7b8b0-c2f2-4ff9-af7e-b7210cfb3cb4,MARIA GABRIELA PIMENTA DOS SANTOS,***.761.777-**,,345****,MEDICO RESIDENTE,Comando da Aeron·utica,,,Cargo,RESIDENCIA E PMM,MEDICO RESIDENTE,60 HORAS SEMANAIS,2025-03-01,2025-03-01,cpf_decoding,,2026-07-23 17:52:29.637266+00:00,Medicos Residentes - Ministerio da Defesa.xlsx - Planilha1.csv,2026-07-23 11:00:49.785299+00:00,,,,,,,,,,,,,,,,,,,,,,,,,,,
01c3fd2f-c8f9-42ab-b269-71b32cc86f64,MARIA TERESA PRAZERES DE ALMEIDA,***.723.137-**,,352****,MEDICO RESIDENTE,Comando da Marinha,,,Cargo,RESIDENCIA E PMM,MEDICO RESIDENTE,60 HORAS SEMANAIS,2026-03-01,2026-03-01,cpf_decoding,,2026-07-23 17:52:30.872764+00:00,Medicos Residentes - Ministerio da Defesa.xlsx - Planilha1.csv,2026-07-23 11:00:49.785299+00:00,,,,,,,,,,,,,,,,,,,,,,,,,,,
e8d39932-dbb3-4271-bf64-1d15ba63b43f,MARIA VITORIA BUGALLO TOTH,***.879.537-**,,345****,MEDICO RESIDENTE,Comando da Marinha,,,Cargo,RESIDENCIA E PMM,MEDICO RESIDENTE,60 HORAS SEMANAIS,2025-03-01,2025-03-01,cpf_decoding,,2026-07-23 17:52:32.260338+00:00,Medicos Residentes - Ministerio da Defesa.xlsx - Planilha1.csv,2026-07-23 11:00:49.785299+00:00,,,,,,,,,,,,,,,,,,,,,,,,,,,
01d4fac2-b955-4154-9f34-0735ad0ad3f3,MARIA VITORIA DA SILVA TOMAZ,***.713.167-**,,352****,MEDICO RESIDENTE,Comando da Aeron·utica,,,Cargo,RESIDENCIA E PMM,MEDICO RESIDENTE,60 HORAS SEMANAIS,2026-03-01,2026-03-01,cpf_decoding,,2026-07-23 17:52:33.488251+00:00,Medicos Residentes - Ministerio da Defesa.xlsx - Planilha1.csv,2026-07-23 11:00:49.785299+00:00,,,,,,,,,,,,,,,,,,,,,,,,,,,
2aa18273-e01b-4ac9-9653-08fc8307f0e7,MARIA VITORIA VIEIRA COELHO DOS SANTOS,***.406.557-**,,346****,MEDICO RESIDENTE,Comando da Marinha,,,Cargo,RESIDENCIA E PMM,MEDICO RESIDENTE,60 HORAS SEMANAIS,2025-03-01,2025-03-01,cpf_decoding,,2026-07-23 17:52:35.072354+00:00,Medicos Residentes - Ministerio da Defesa.xlsx - Planilha1.csv,2026-07-23 11:00:49.785299+00:00,,,,,,,,,,,,,,,,,,,,,,,,,,,
c1fb240d-45a2-4273-b8c2-e1c7561aabf4,MARIANA AGNELO SANTOS,***.255.177-**,,352****,MEDICO RESIDENTE,Comando da Aeron·utica,,,Cargo,RESIDENCIA E PMM,MEDICO RESIDENTE,60 HORAS SEMANAIS,2026-03-01,2026-03-01,cpf_decoding,,2026-07-23 17:52:36.199961+00:00,Medicos Residentes - Ministerio da Defesa.xlsx - Planilha1.csv,2026-07-23 11:00:49.785299+00:00,,,,,,,,,,,,,,,,,,,,,,,,,,,
9cc45e1d-5db7-42de-9e40-c4dc5d8b04f6,MARIANA ALMEIDA MENDES DE OLIVEIRA,***.625.952-**,,352****,MEDICO RESIDENTE,Comando da Aeron·utica,,,Cargo,RESIDENCIA E PMM,MEDICO RESIDENTE,60 HORAS SEMANAIS,2026-03-01,2026-03-01,cpf_decoding,,2026-07-23 17:52:37.043813+00:00,Medicos Residentes - Ministerio da Defesa.xlsx - Planilha1.csv,2026-07-23 11:00:49.785299+00:00,,,,,,,,,,,,,,,,,,,,,,,,,,,
0ea9f513-91c6-4c4d-8ab8-0ff8741165d5,MARIANA ALVES ARAUJO,***.369.085-**,,352****,MEDICO RESIDENTE,Comando da Aeron·utica,,,Cargo,RESIDENCIA E PMM,MEDICO RESIDENTE,60 HORAS SEMANAIS,2026-03-01,2026-03-01,cpf_decoding,,2026-07-23 17:52:37.917207+00:00,Medicos Residentes - Ministerio da Defesa.xlsx - Planilha1.csv,2026-07-23 11:00:49.785299+00:00,,,,,,,,,,,,,,,,,,,,,,,,,,,
ab9d85d1-ec89-487d-bc98-cf24e7486d52,MARIANA BENSI DORNELLAS,***.397.207-**,,345****,MEDICO RESIDENTE,Comando da Marinha,,,Cargo,RESIDENCIA E PMM,MEDICO RESIDENTE,60 HORAS SEMANAIS,2025-03-01,2025-03-01,cpf_decoding,,2026-07-23 17:52:39.096570+00:00,Medicos Residentes - Ministerio da Defesa.xlsx - Planilha1.csv,2026-07-23 11:00:49.785299+00:00,,,,,,,,,,,,,,,,,,,,,,,,,,,
496305b4-12bb-4939-88bd-f9309b7d84c9,MARIANA DANTAS DE OLIVEIRA,***.919.347-**,,133****,MEDICO RESIDENTE,Comando da Aeron·utica,,,Cargo,RESIDENCIA E PMM,MEDICO RESIDENTE,60 HORAS SEMANAIS,2025-03-01,2025-03-01,cpf_decoding,,2026-07-23 17:52:40.390961+00:00,Medicos Residentes - Ministerio da Defesa.xlsx - Planilha1.csv,2026-07-23 11:00:49.785299+00:00,,,,,,,,,,,,,,,,,,,,,,,,,,,
58657bf2-0875-40d6-a498-7302c415dfa0,MARIANA DE ALBUQUERQUE DE FREITAS,***.415.347-**,,292****,MEDICO RESIDENTE,Comando da Marinha,,,Cargo,RESIDENCIA E PMM,MEDICO RESIDENTE,60 HORAS SEMANAIS,2025-03-01,2025-03-01,cpf_decoding,,2026-07-23 17:52:42.004551+00:00,Medicos Residentes - Ministerio da Defesa.xlsx - Planilha1.csv,2026-07-23 11:00:49.785299+00:00,,,,,,,,,,,,,,,,,,,,,,,,,,,
b7ede323-5a96-400c-a82a-56f8daf7db6d,MARIANA DE SOUZA SCHNEID,***.010.370-**,,352****,MEDICO RESIDENTE,Comando da Marinha,,,Cargo,RESIDENCIA E PMM,MEDICO RESIDENTE,60 HORAS SEMANAIS,2026-03-01,2026-03-01,cpf_decoding,,2026-07-23 17:52:43.136435+00:00,Medicos Residentes - Ministerio da Defesa.xlsx - Planilha1.csv,2026-07-23 11:00:49.785299+00:00,,,,,,,,,,,,,,,,,,,,,,,,,,,
a4798f2f-e8e0-42fa-808e-5c79ab765dbd,MARIANA VEIGA DE SA,***.275.207-**,,352****,MEDICO RESIDENTE,Comando da Aeron·utica,,,Cargo,RESIDENCIA E PMM,MEDICO RESIDENTE,60 HORAS SEMANAIS,2026-03-01,2026-03-01,cpf_decoding,,2026-07-23 17:52:44.697678+00:00,Medicos Residentes - Ministerio da Defesa.xlsx - Planilha1.csv,2026-07-23 11:00:49.785299+00:00,,,,,,,,,,,,,,,,,,,,,,,,,,,
89fcf5a2-60f0-40f5-86db-75cb2ee95b99,MARIANNA FERNANDES COELHO LEMOS,***.763.927-**,,345****,MEDICO RESIDENTE,Comando da Marinha,,,Cargo,RESIDENCIA E PMM,MEDICO RESIDENTE,60 HORAS SEMANAIS,2025-03-01,2025-03-01,cpf_decoding,,2026-07-23 17:52:45.616433+00:00,Medicos Residentes - Ministerio da Defesa.xlsx - Planilha1.csv,2026-07-23 11:00:49.785299+00:00,,,,,,,,,,,,,,,,,,,,,,,,,,,
a2fe3b0c-bc23-4b0b-8eb6-459586802391,MARIANNA VASCONCELOS FERREIRA,***.714.097-**,,128****,MEDICO RESIDENTE,Comando da Marinha,,,Cargo,RESIDENCIA E PMM,MEDICO RESIDENTE,60 HORAS SEMANAIS,2025-03-01,2025-03-01,cpf_decoding,,2026-07-23 17:52:46.476731+00:00,Medicos Residentes - Ministerio da Defesa.xlsx - Planilha1.csv,2026-07-23 11:00:49.785299+00:00,,,,,,,,,,,,,,,,,,,,,,,,,,,
76abcaf0-c280-45c8-8780-48aced30fdc1,MARIANNE FERRO BRIGAGAO,***.207.868-**,,352****,MEDICO RESIDENTE,Comando da Marinha,,,Cargo,RESIDENCIA E PMM,MEDICO RESIDENTE,60 HORAS SEMANAIS,2026-03-01,2026-03-01,cpf_decoding,,2026-07-23 17:52:48.003039+00:00,Medicos Residentes - Ministerio da Defesa.xlsx - Planilha1.csv,2026-07-23 11:00:49.785299+00:00,,,,,,,,,,,,,,,,,,,,,,,,,,,
ec64c0b0-1646-4e0c-b74a-df3f872a5eb2,MARINA ANDRADE DE CASTRO,***.790.817-**,,123****,MEDICO RESIDENTE,Comando da Aeron·utica,,,Cargo,RESIDENCIA E PMM,MEDICO RESIDENTE,60 HORAS SEMANAIS,2025-03-01,2025-03-01,cpf_decoding,,2026-07-23 17:52:49.355933+00:00,Medicos Residentes - Ministerio da Defesa.xlsx - Planilha1.csv,2026-07-23 11:00:49.785299+00:00,,,,,,,,,,,,,,,,,,,,,,,,,,,
e26d51b1-a336-485c-90d7-9f9d4442c275,MARINA GONCALVES MOREIRA,***.127.691-**,,339****,MEDICO RESIDENTE,Comando da Marinha,,,Cargo,RESIDENCIA E PMM,MEDICO RESIDENTE,60 HORAS SEMANAIS,2024-03-01,2024-03-01,cpf_decoding,,2026-07-23 17:52:50.493203+00:00,Medicos Residentes - Ministerio da Defesa.xlsx - Planilha1.csv,2026-07-23 11:00:49.785299+00:00,,,,,,,,,,,,,,,,,,,,,,,,,,,
45713eab-416d-4917-8853-d7d60a634cb3,MARINA PAIVA CRISCOLO,***.149.026-**,,352****,MEDICO RESIDENTE,Comando da Aeron·utica,,,Cargo,RESIDENCIA E PMM,MEDICO RESIDENTE,60 HORAS SEMANAIS,2026-03-01,2026-03-01,cpf_decoding,,2026-07-23 17:52:51.719268+00:00,Medicos Residentes - Ministerio da Defesa.xlsx - Planilha1.csv,2026-07-23 11:00:49.785299+00:00,,,,,,,,,,,,,,,,,,,,,,,,,,,
fcd0c1ff-cc9f-48d2-afbb-5c361a305fd8,MARLUCIA LAGE COUTINHO YUSA,***.094.857-**,,345****,MEDICO RESIDENTE,Comando da Marinha,,,Cargo,RESIDENCIA E PMM,RESIDENCIA MULTIPROFISSIONAL,60 HORAS SEMANAIS,2025-03-01,2025-03-01,cpf_decoding,,2026-07-23 17:52:52.744459+00:00,Medicos Residentes - Ministerio da Defesa.xlsx - Planilha1.csv,2026-07-23 11:00:49.785299+00:00,,,,,,,,,,,,,,,,,,,,,,,,,,,
659de472-5fad-4a89-9180-45d86c4ea99e,MARYNA PINTO ALMEIDA,***.283.896-**,,345****,MEDICO RESIDENTE,Comando da Marinha,,,Cargo,RESIDENCIA E PMM,MEDICO RESIDENTE,60 HORAS SEMANAIS,2025-03-01,2025-03-01,cpf_decoding,,2026-07-23 17:52:53.797077+00:00,Medicos Residentes - Ministerio da Defesa.xlsx - Planilha1.csv,2026-07-23 11:00:49.785299+00:00,,,,,,,,,,,,,,,,,,,,,,,,,,,
5adc4687-4822-47ad-900c-56a34ef2262f,MATEUS ANTONIO RODRIGUES DA SILVA,***.986.077-**,,352****,MEDICO RESIDENTE,Comando da Aeron·utica,,,Cargo,RESIDENCIA E PMM,MEDICO RESIDENTE,60 HORAS SEMANAIS,2026-03-01,2026-03-01,cpf_decoding,,2026-07-23 17:52:55.034373+00:00,Medicos Residentes - Ministerio da Defesa.xlsx - Planilha1.csv,2026-07-23 11:00:49.785299+00:00,,,,,,,,,,,,,,,,,,,,,,,,,,,
62742cac-2114-4a29-999b-63009e4a56c4,MATEUS LANI MACHADO DE CARVALHO,***.920.447-**,,339****,MEDICO RESIDENTE,Comando da Marinha,,,Cargo,RESIDENCIA E PMM,MEDICO RESIDENTE,60 HORAS SEMANAIS,2024-03-01,2023-03-13,cpf_decoding,,2026-07-23 17:52:56.638191+00:00,Medicos Residentes - Ministerio da Defesa.xlsx - Planilha1.csv,2026-07-23 11:00:49.785299+00:00,,,,,,,,,,,,,,,,,,,,,,,,,,,
101a85a6-3806-43d1-abbf-b06689534dd7,MATHEUS AUGUSTO BURKE,***.508.787-**,,346****,MEDICO RESIDENTE,Comando da Marinha,,,Cargo,RESIDENCIA E PMM,MEDICO RESIDENTE,60 HORAS SEMANAIS,2025-03-01,2025-03-01,cpf_decoding,,2026-07-23 17:52:58.041062+00:00,Medicos Residentes - Ministerio da Defesa.xlsx - Planilha1.csv,2026-07-23 11:00:49.785299+00:00,,,,,,,,,,,,,,,,,,,,,,,,,,,
13bab704-752a-40e7-8cc0-0678ae08c8d0,MATHEUS BARBOSA HENRIQUES DA SILVA,***.174.197-**,,352****,MEDICO RESIDENTE,Comando da Marinha,,,Cargo,RESIDENCIA E PMM,MEDICO RESIDENTE,60 HORAS SEMANAIS,2026-03-01,2026-03-01,cpf_decoding,,2026-07-23 17:52:58.891212+00:00,Medicos Residentes - Ministerio da Defesa.xlsx - Planilha1.csv,2026-07-23 11:00:49.785299+00:00,,,,,,,,,,,,,,,,,,,,,,,,,,,
3d778179-dfc2-4f26-bc3f-940d206da586,MATHEUS CUNHA PINTO,***.392.757-**,,133****,MEDICO RESIDENTE,Comando da Marinha,,,Cargo,RESIDENCIA E PMM,MEDICO RESIDENTE,60 HORAS SEMANAIS,2026-03-01,2026-03-01,cpf_decoding,,2026-07-23 17:53:00.134012+00:00,Medicos Residentes - Ministerio da Defesa.xlsx - Planilha1.csv,2026-07-23 11:00:49.785299+00:00,,,,,,,,,,,,,,,,,,,,,,,,,,,
4712fc15-37b7-4f51-981b-05324414d08b,MATHEUS HENRIQUE OLIVEIRA FERREIRA,***.754.261-**,,339****,MEDICO RESIDENTE,Comando da Marinha,,,Cargo,RESIDENCIA E PMM,MEDICO RESIDENTE,60 HORAS SEMANAIS,2024-03-01,2024-03-01,cpf_decoding,,2026-07-23 17:53:01.702874+00:00,Medicos Residentes - Ministerio da Defesa.xlsx - Planilha1.csv,2026-07-23 11:00:49.785299+00:00,,,,,,,,,,,,,,,,,,,,,,,,,,,
207c88d5-19dd-4c21-bd6d-d156c85f4142,MATHEUS MACHADO PASCOAL,***.071.667-**,,352****,MEDICO RESIDENTE,Comando da Marinha,,,Cargo,RESIDENCIA E PMM,MEDICO RESIDENTE,60 HORAS SEMANAIS,2026-03-01,2026-03-01,cpf_decoding,,2026-07-23 17:53:03.111015+00:00,Medicos Residentes - Ministerio da Defesa.xlsx - Planilha1.csv,2026-07-23 11:00:49.785299+00:00,,,,,,,,,,,,,,,,,,,,,,,,,,,
00351317-7762-4a44-bedc-bd04c2ad2f4f,MILENA RIBEIRO ARAUJO DOS SANTOS,***.381.787-**,,339****,MEDICO RESIDENTE,Comando da Marinha,,,Cargo,RESIDENCIA E PMM,MEDICO RESIDENTE,60 HORAS SEMANAIS,2024-03-01,2024-03-01,cpf_decoding,,2026-07-23 17:53:04.507951+00:00,Medicos Residentes - Ministerio da Defesa.xlsx - Planilha1.csv,2026-07-23 11:00:49.785299+00:00,,,,,,,,,,,,,,,,,,,,,,,,,,,
cbab7530-d925-432e-b079-e5ad7c745239,MILENA RIBEIRO SILVA DA COSTA,***.009.167-**,,352****,MEDICO RESIDENTE,Comando da Aeron·utica,,,Cargo,RESIDENCIA E PMM,MEDICO RESIDENTE,60 HORAS SEMANAIS,2026-03-01,2026-03-01,cpf_decoding,,2026-07-23 17:53:05.426305+00:00,Medicos Residentes - Ministerio da Defesa.xlsx - Planilha1.csv,2026-07-23 11:00:49.785299+00:00,,,,,,,,,,,,,,,,,,,,,,,,,,,
8f5f29fc-f39f-4ba7-a834-4325a999209e,MILENA RIBEIRO SIQUEIRA CAMPOS FURTADO,***.330.881-**,,346****,MEDICO RESIDENTE,Comando da Aeron·utica,,,Cargo,RESIDENCIA E PMM,MEDICO RESIDENTE,60 HORAS SEMANAIS,2025-03-05,2025-03-05,cpf_decoding,,2026-07-23 17:53:06.864963+00:00,Medicos Residentes - Ministerio da Defesa.xlsx - Planilha1.csv,2026-07-23 11:00:49.785299+00:00,,,,,,,,,,,,,,,,,,,,,,,,,,,
8e2859c1-43c8-481c-8f43-4f670b101f32,MONICA PINTO MACIEL,***.315.848-**,,346****,MEDICO RESIDENTE,Comando da Marinha,,,Cargo,RESIDENCIA E PMM,MEDICO RESIDENTE,60 HORAS SEMANAIS,2025-03-01,2025-03-01,cpf_decoding,,2026-07-23 17:53:08.013569+00:00,Medicos Residentes - Ministerio da Defesa.xlsx - Planilha1.csv,2026-07-23 11:00:49.785299+00:00,,,,,,,,,,,,,,,,,,,,,,,,,,,
0c4a556a-2f44-4ce0-8cb5-f27b68a9ff44,MONIQUE FERREIRA LOMBARDI,***.106.517-**,,352****,MEDICO RESIDENTE,Comando da Marinha,,,Cargo,RESIDENCIA E PMM,MEDICO RESIDENTE,60 HORAS SEMANAIS,2026-03-01,2026-03-01,cpf_decoding,,2026-07-23 17:53:09.256396+00:00,Medicos Residentes - Ministerio da Defesa.xlsx - Planilha1.csv,2026-07-23 11:00:49.785299+00:00,,,,,,,,,,,,,,,,,,,,,,,,,,,
066bf487-1906-4e95-8d67-0e4d9686d63e,MURILO CASANOVA ABREU MENDES,***.684.097-**,,346****,MEDICO RESIDENTE,Comando da Marinha,,,Cargo,RESIDENCIA E PMM,MEDICO RESIDENTE,60 HORAS SEMANAIS,2025-03-01,2025-03-01,cpf_decoding,,2026-07-23 17:53:10.282945+00:00,Medicos Residentes - Ministerio da Defesa.xlsx - Planilha1.csv,2026-07-23 11:00:49.785299+00:00,,,,,,,,,,,,,,,,,,,,,,,,,,,
681a0fba-5395-43b1-a8d1-625227b2434b,MYLENA ALVES SAMPAIO GUIMARAES,***.449.673-**,,340****,MEDICO RESIDENTE,Comando da Aeron·utica,,,Cargo,RESIDENCIA E PMM,MEDICO RESIDENTE,60 HORAS SEMANAIS,2024-03-01,2024-03-01,cpf_decoding,,2026-07-23 17:53:11.856590+00:00,Medicos Residentes - Ministerio da Defesa.xlsx - Planilha1.csv,2026-07-23 11:00:49.785299+00:00,,,,,,,,,,,,,,,,,,,,,,,,,,,
9588a658-7f2b-4908-88cb-b556d655b90c,MYLENA DALVI CALABREZ,***.840.257-**,,346****,MEDICO RESIDENTE,Comando da Aeron·utica,,,Cargo,RESIDENCIA E PMM,MEDICO RESIDENTE,60 HORAS SEMANAIS,2025-03-01,2025-03-01,cpf_decoding,,2026-07-23 17:53:13.434531+00:00,Medicos Residentes - Ministerio da Defesa.xlsx - Planilha1.csv,2026-07-23 11:00:49.785299+00:00,,,,,,,,,,,,,,,,,,,,,,,,,,,
304c6542-10b5-494b-a827-06470f0bf080,MYLLA DE LIMA BRAGA,***.565.196-**,,352****,MEDICO RESIDENTE,Comando da Marinha,,,Cargo,RESIDENCIA E PMM,MEDICO RESIDENTE,60 HORAS SEMANAIS,2026-03-01,2026-03-01,cpf_decoding,,2026-07-23 17:53:14.875742+00:00,Medicos Residentes - Ministerio da Defesa.xlsx - Planilha1.csv,2026-07-23 11:00:49.785299+00:00,,,,,,,,,,,,,,,,,,,,,,,,,,,
5c128ab3-7d95-49cf-97e1-9c093d338d5b,MYLLA VAZ,***.664.166-**,,352****,MEDICO RESIDENTE,Comando da Aeron·utica,,,Cargo,RESIDENCIA E PMM,MEDICO RESIDENTE,60 HORAS SEMANAIS,2026-03-01,2026-03-01,cpf_decoding,,2026-07-23 17:53:16.470678+00:00,Medicos Residentes - Ministerio da Defesa.xlsx - Planilha1.csv,2026-07-23 11:00:49.785299+00:00,,,,,,,,,,,,,,,,,,,,,,,,,,,
4766a4eb-0742-418f-9713-f43f7467c1b7,NATALIA FERREIRA SOARES,***.918.377-**,,345****,MEDICO RESIDENTE,Comando da Aeron·utica,,,Cargo,RESIDENCIA E PMM,MEDICO RESIDENTE,60 HORAS SEMANAIS,2025-03-01,2025-03-01,cpf_decoding,,2026-07-23 17:53:17.744706+00:00,Medicos Residentes - Ministerio da Defesa.xlsx - Planilha1.csv,2026-07-23 11:00:49.785299+00:00,,,,,,,,,,,,,,,,,,,,,,,,,,,
8d9477bd-a958-422f-b873-720d702d5a90,NATALIA FIGUEIREDO LOPES LIMA,***.910.587-**,,346****,MEDICO RESIDENTE,Comando da Aeron·utica,,,Cargo,RESIDENCIA E PMM,MEDICO RESIDENTE,60 HORAS SEMANAIS,2025-03-01,2025-03-01,cpf_decoding,,2026-07-23 17:53:18.812564+00:00,Medicos Residentes - Ministerio da Defesa.xlsx - Planilha1.csv,2026-07-23 11:00:49.785299+00:00,,,,,,,,,,,,,,,,,,,,,,,,,,,
41bb4af7-ee9d-4833-a493-30b7664aa54f,NATHALIA ALVES SANTANA,***.864.136-**,,142****,MEDICO RESIDENTE,Comando da Aeron·utica,,,Cargo,RESIDENCIA E PMM,MEDICO RESIDENTE,60 HORAS SEMANAIS,2026-03-01,2026-03-01,cpf_decoding,,2026-07-23 17:53:20.166998+00:00,Medicos Residentes - Ministerio da Defesa.xlsx - Planilha1.csv,2026-07-23 11:00:49.785299+00:00,,,,,,,,,,,,,,,,,,,,,,,,,,,
51339a94-bacb-4bc4-82c3-58e99b1e5ae0,NATHALIA CEZAR PRZYBYLSKI,***.093.037-**,,352****,MEDICO RESIDENTE,Comando da Marinha,,,Cargo,RESIDENCIA E PMM,MEDICO RESIDENTE,60 HORAS SEMANAIS,2026-03-01,2026-03-01,cpf_decoding,,2026-07-23 17:53:21.626436+00:00,Medicos Residentes - Ministerio da Defesa.xlsx - Planilha1.csv,2026-07-23 11:00:49.785299+00:00,,,,,,,,,,,,,,,,,,,,,,,,,,,
903e5267-9dbb-4c2e-b0f5-22559ea537fb,NATHALIA DE GOES DUARTE SANTOS,***.259.997-**,,346****,MEDICO RESIDENTE,Comando da Aeron·utica,,,Cargo,RESIDENCIA E PMM,MEDICO RESIDENTE,60 HORAS SEMANAIS,2025-03-01,2025-03-01,cpf_decoding,,2026-07-23 17:53:22.851515+00:00,Medicos Residentes - Ministerio da Defesa.xlsx - Planilha1.csv,2026-07-23 11:00:49.785299+00:00,,,,,,,,,,,,,,,,,,,,,,,,,,,
65c1fc33-aafc-42c2-b3e8-5b7463d457ad,NATHALIA DONATO MACEDO,***.004.888-**,,133****,MEDICO RESIDENTE,Comando da Aeron·utica,,,Cargo,RESIDENCIA E PMM,MEDICO RESIDENTE,60 HORAS SEMANAIS,2025-03-01,2025-03-01,cpf_decoding,,2026-07-23 17:53:24.015932+00:00,Medicos Residentes - Ministerio da Defesa.xlsx - Planilha1.csv,2026-07-23 11:00:49.785299+00:00,,,,,,,,,,,,,,,,,,,,,,,,,,,
d418e7e1-2274-4e7f-a6e0-c816825ad1c9,NATHALIA FALCAO CARVALHO,***.907.287-**,,346****,MEDICO RESIDENTE,Comando da Marinha,,,Cargo,RESIDENCIA E PMM,MEDICO RESIDENTE,60 HORAS SEMANAIS,2025-03-01,2025-03-01,cpf_decoding,,2026-07-23 17:53:25.135856+00:00,Medicos Residentes - Ministerio da Defesa.xlsx - Planilha1.csv,2026-07-23 11:00:49.785299+00:00,,,,,,,,,,,,,,,,,,,,,,,,,,,
1178cd02-9e7e-4fba-a66d-3eade9a036a4,NATHALIA FEDOROFF VIEIRA,***.122.817-**,,345****,MEDICO RESIDENTE,Comando da Marinha,,,Cargo,RESIDENCIA E PMM,RESIDENCIA MULTIPROFISSIONAL,60 HORAS SEMANAIS,2025-03-01,2025-03-01,cpf_decoding,,2026-07-23 17:53:26.604637+00:00,Medicos Residentes - Ministerio da Defesa.xlsx - Planilha1.csv,2026-07-23 11:00:49.785299+00:00,,,,,,,,,,,,,,,,,,,,,,,,,,,
1f67ac02-4c15-490b-aa0f-ed1e20ecee1b,NATHALIA MACHADO SILVA,***.432.775-**,,345****,MEDICO RESIDENTE,Comando da Marinha,,,Cargo,RESIDENCIA E PMM,MEDICO RESIDENTE,60 HORAS SEMANAIS,2025-03-01,2025-03-01,cpf_decoding,,2026-07-23 17:53:27.875704+00:00,Medicos Residentes - Ministerio da Defesa.xlsx - Planilha1.csv,2026-07-23 11:00:49.785299+00:00,,,,,,,,,,,,,,,,,,,,,,,,,,,
7b19c3ab-5a2c-4c47-a71d-eeaa6d58ba97,NATSUE TANI TUPPER,***.375.117-**,,345****,MEDICO RESIDENTE,Comando da Aeron·utica,,,Cargo,RESIDENCIA E PMM,MEDICO RESIDENTE,60 HORAS SEMANAIS,2025-03-01,2025-03-01,cpf_decoding,,2026-07-23 17:53:29.290323+00:00,Medicos Residentes - Ministerio da Defesa.xlsx - Planilha1.csv,2026-07-23 11:00:49.785299+00:00,,,,,,,,,,,,,,,,,,,,,,,,,,,
cd36b2e0-18dd-4195-9f9c-393c3eb78615,NAYLANE DOS SANTOS CARVALHO,***.059.834-**,,345****,MEDICO RESIDENTE,Comando da Marinha,,,Cargo,RESIDENCIA E PMM,RESIDENCIA MULTIPROFISSIONAL,60 HORAS SEMANAIS,2025-03-01,2025-03-01,cpf_decoding,,2026-07-23 17:53:30.697020+00:00,Medicos Residentes - Ministerio da Defesa.xlsx - Planilha1.csv,2026-07-23 11:00:49.785299+00:00,,,,,,,,,,,,,,,,,,,,,,,,,,,
40664f27-e2fd-474f-b387-c4804bfb6514,NEIFE JORGE FRANCIS NETO,***.583.187-**,,352****,MEDICO RESIDENTE,Comando da Marinha,,,Cargo,RESIDENCIA E PMM,MEDICO RESIDENTE,60 HORAS SEMANAIS,2026-03-01,2026-03-01,cpf_decoding,,2026-07-23 17:53:31.677530+00:00,Medicos Residentes - Ministerio da Defesa.xlsx - Planilha1.csv,2026-07-23 11:00:49.785299+00:00,,,,,,,,,,,,,,,,,,,,,,,,,,,
3ac24a58-fbe7-4c26-ae1f-16fc828ed5bd,NICINEA GOMES DA SILVA,***.378.275-**,,117****,MEDICO RESIDENTE,Comando da Marinha,,,Cargo,RESIDENCIA E PMM,RESIDENCIA MULTIPROFISSIONAL,60 HORAS SEMANAIS,2025-03-01,2025-03-01,cpf_decoding,,2026-07-23 17:53:33.128638+00:00,Medicos Residentes - Ministerio da Defesa.xlsx - Planilha1.csv,2026-07-23 11:00:49.785299+00:00,,,,,,,,,,,,,,,,,,,,,,,,,,,
8a5bdfc0-010c-44e6-861f-52ece3f2d5e3,NICOLE FELIX MOREIRA,***.455.737-**,,346****,MEDICO RESIDENTE,Comando da Aeron·utica,,,Cargo,RESIDENCIA E PMM,MEDICO RESIDENTE,60 HORAS SEMANAIS,2025-03-01,2025-03-01,cpf_decoding,,2026-07-23 17:53:34.353325+00:00,Medicos Residentes - Ministerio da Defesa.xlsx - Planilha1.csv,2026-07-23 11:00:49.785299+00:00,,,,,,,,,,,,,,,,,,,,,,,,,,,
5b0ef5fd-b393-4a3c-b5e8-be7fa08dd808,NOELLE MAIA GONDINHO,***.008.967-**,,339****,MEDICO RESIDENTE,Comando da Marinha,,,Cargo,RESIDENCIA E PMM,MEDICO RESIDENTE,60 HORAS SEMANAIS,2024-03-01,2024-03-01,cpf_decoding,,2026-07-23 17:53:35.436761+00:00,Medicos Residentes - Ministerio da Defesa.xlsx - Planilha1.csv,2026-07-23 11:00:49.785299+00:00,,,,,,,,,,,,,,,,,,,,,,,,,,,
5424bf15-8a81-4b15-9e61-82798ad2049e,PATRICK LACERDA RIBEIRO,***.826.951-**,,346****,MEDICO RESIDENTE,Comando da Aeron·utica,,,Cargo,RESIDENCIA E PMM,MEDICO RESIDENTE,60 HORAS SEMANAIS,2025-03-01,2025-03-01,cpf_decoding,,2026-07-23 17:53:36.698843+00:00,Medicos Residentes - Ministerio da Defesa.xlsx - Planilha1.csv,2026-07-23 11:00:49.785299+00:00,,,,,,,,,,,,,,,,,,,,,,,,,,,
4d41a7d4-0e56-4599-a0b8-38e41f7f990f,PAULA MEYER DE LIMA SILVEIRA,***.799.176-**,,352****,MEDICO RESIDENTE,Comando da Marinha,,,Cargo,RESIDENCIA E PMM,MEDICO RESIDENTE,60 HORAS SEMANAIS,2026-03-01,2026-03-01,cpf_decoding,,2026-07-23 17:53:38.141006+00:00,Medicos Residentes - Ministerio da Defesa.xlsx - Planilha1.csv,2026-07-23 11:00:49.785299+00:00,,,,,,,,,,,,,,,,,,,,,,,,,,,
9551d94c-a3b7-423e-8947-9ce29e1ce29a,PAULO DE TARSO GOMES GRILO,***.349.638-**,,352****,MEDICO RESIDENTE,Comando da Aeron·utica,,,Cargo,RESIDENCIA E PMM,MEDICO RESIDENTE,60 HORAS SEMANAIS,2026-03-01,2026-03-01,cpf_decoding,,2026-07-23 17:53:39.590812+00:00,Medicos Residentes - Ministerio da Defesa.xlsx - Planilha1.csv,2026-07-23 11:00:49.785299+00:00,,,,,,,,,,,,,,,,,,,,,,,,,,,
06462002-5f6e-4cd3-afa8-1fe8079c3893,PAULO DE TARSO LIMA JUNIOR,***.206.136-**,,345****,MEDICO RESIDENTE,Comando da Aeron·utica,,,Cargo,RESIDENCIA E PMM,MEDICO RESIDENTE,60 HORAS SEMANAIS,2025-03-01,2025-03-01,cpf_decoding,,2026-07-23 17:53:40.971516+00:00,Medicos Residentes - Ministerio da Defesa.xlsx - Planilha1.csv,2026-07-23 11:00:49.785299+00:00,,,,,,,,,,,,,,,,,,,,,,,,,,,
93e96b50-3a9e-42e6-98b1-32779a1dc8ee,PAULO HENRIQUE OLIVEIRA DO NASCIMENTO,***.513.277-**,,345****,MEDICO RESIDENTE,Comando da Marinha,,,Cargo,RESIDENCIA E PMM,MEDICO RESIDENTE,60 HORAS SEMANAIS,2025-03-01,2025-03-01,cpf_decoding,,2026-07-23 17:53:42.170464+00:00,Medicos Residentes - Ministerio da Defesa.xlsx - Planilha1.csv,2026-07-23 11:00:49.785299+00:00,,,,,,,,,,,,,,,,,,,,,,,,,,,
5ef1aa7f-087e-4774-a1a9-8a26aa955897,PAULO MAGALHAES ESTUDANTE MARINHO,***.601.267-**,,339****,MEDICO RESIDENTE,Comando da Aeron·utica,,,Cargo,RESIDENCIA E PMM,MEDICO RESIDENTE,60 HORAS SEMANAIS,2024-03-01,2024-03-01,cpf_decoding,,2026-07-23 17:53:43.659453+00:00,Medicos Residentes - Ministerio da Defesa.xlsx - Planilha1.csv,2026-07-23 11:00:49.785299+00:00,,,,,,,,,,,,,,,,,,,,,,,,,,,
7b03b765-241d-4f2b-9676-f4178d104f7e,PAULO VICTOR DE MEDEIROS OLIVEIRA,***.280.866-**,,118****,MEDICO RESIDENTE,Comando da Aeron·utica,,,Cargo,RESIDENCIA E PMM,MEDICO RESIDENTE,60 HORAS SEMANAIS,2025-03-01,2025-03-01,cpf_decoding,,2026-07-23 17:53:44.994440+00:00,Medicos Residentes - Ministerio da Defesa.xlsx - Planilha1.csv,2026-07-23 11:00:49.785299+00:00,,,,,,,,,,,,,,,,,,,,,,,,,,,
f1311292-22d2-45c1-9dcc-421a3edc680f,PAULO VITOR COSTA JANSON NEY,***.887.767-**,,340****,MEDICO RESIDENTE,Comando da Marinha,,,Cargo,RESIDENCIA E PMM,MEDICO RESIDENTE,60 HORAS SEMANAIS,2024-03-01,2024-03-01,cpf_decoding,,2026-07-23 17:53:46.586613+00:00,Medicos Residentes - Ministerio da Defesa.xlsx - Planilha1.csv,2026-07-23 11:00:49.785299+00:00,,,,,,,,,,,,,,,,,,,,,,,,,,,
98a39b40-407e-4d37-8b32-0ad02fa70b89,PEDRO BORGES DE OLIVEIRA,***.796.857-**,,352****,MEDICO RESIDENTE,Comando da Marinha,,,Cargo,RESIDENCIA E PMM,MEDICO RESIDENTE,60 HORAS SEMANAIS,2026-03-01,2026-03-01,cpf_decoding,,2026-07-23 17:53:47.933208+00:00,Medicos Residentes - Ministerio da Defesa.xlsx - Planilha1.csv,2026-07-23 11:00:49.785299+00:00,,,,,,,,,,,,,,,,,,,,,,,,,,,
44452255-0446-449b-b599-30ecae092d11,PEDRO CARDOSO SIQUEIRA ALBERNAZ,***.471.767-**,,352****,MEDICO RESIDENTE,Comando da Marinha,,,Cargo,RESIDENCIA E PMM,MEDICO RESIDENTE,60 HORAS SEMANAIS,2026-03-01,2026-03-01,cpf_decoding,,2026-07-23 17:53:48.993268+00:00,Medicos Residentes - Ministerio da Defesa.xlsx - Planilha1.csv,2026-07-23 11:00:49.785299+00:00,,,,,,,,,,,,,,,,,,,,,,,,,,,
b64c5a1c-8bdf-45ab-9060-e3d100b334e7,PEDRO FIGUEIREDO MACEDO,***.901.196-**,,339****,MEDICO RESIDENTE,Comando da Aeron·utica,,,Cargo,RESIDENCIA E PMM,MEDICO RESIDENTE,60 HORAS SEMANAIS,2024-03-01,2024-03-01,cpf_decoding,,2026-07-23 17:53:49.890032+00:00,Medicos Residentes - Ministerio da Defesa.xlsx - Planilha1.csv,2026-07-23 11:00:49.785299+00:00,,,,,,,,,,,,,,,,,,,,,,,,,,,
d39ffaea-e44c-41e2-9e44-61c25ab8c47c,PEDRO HENRIQUE ADARIO MARASSI,***.622.277-**,,339****,MEDICO RESIDENTE,Comando da Marinha,,,Cargo,RESIDENCIA E PMM,MEDICO RESIDENTE,60 HORAS SEMANAIS,2024-03-01,2024-03-01,cpf_decoding,,2026-07-23 17:53:50.900326+00:00,Medicos Residentes - Ministerio da Defesa.xlsx - Planilha1.csv,2026-07-23 11:00:49.785299+00:00,,,,,,,,,,,,,,,,,,,,,,,,,,,
47002145-dec5-41fa-a1b6-9aae31339f25,PEDRO HENRIQUE RIBEIRO COQUEIRO,***.261.405-**,,340****,MEDICO RESIDENTE,Comando da Marinha,,,Cargo,RESIDENCIA E PMM,MEDICO RESIDENTE,60 HORAS SEMANAIS,2024-03-01,2024-03-01,cpf_decoding,,2026-07-23 17:53:52.351623+00:00,Medicos Residentes - Ministerio da Defesa.xlsx - Planilha1.csv,2026-07-23 11:00:49.785299+00:00,,,,,,,,,,,,,,,,,,,,,,,,,,,
e447316b-7ea2-4cae-9b88-2f09c3660eea,POLLYANA DESCONSI DE ALBUQUERQUE MARANHAO,***.869.629-**,,352****,MEDICO RESIDENTE,Comando da Aeron·utica,,,Cargo,RESIDENCIA E PMM,MEDICO RESIDENTE,60 HORAS SEMANAIS,2026-03-01,2026-03-01,cpf_decoding,,2026-07-23 17:53:53.661705+00:00,Medicos Residentes - Ministerio da Defesa.xlsx - Planilha1.csv,2026-07-23 11:00:49.785299+00:00,,,,,,,,,,,,,,,,,,,,,,,,,,,
3500a2c2-0c1c-45e3-8d6a-af976b8119dd,RAFAEL ALEXANDRE DE MENEZES RAMOS DA SILVA,***.640.737-**,,345****,MEDICO RESIDENTE,Comando da Aeron·utica,,,Cargo,RESIDENCIA E PMM,MEDICO RESIDENTE,60 HORAS SEMANAIS,2025-03-01,2025-03-01,cpf_decoding,,2026-07-23 17:53:55.243712+00:00,Medicos Residentes - Ministerio da Defesa.xlsx - Planilha1.csv,2026-07-23 11:00:49.785299+00:00,,,,,,,,,,,,,,,,,,,,,,,,,,,
6b7088c7-b2c6-4b54-bfac-247e3fa47a68,RAFAEL PINHEIRO COHEN,***.613.747-**,,346****,MEDICO RESIDENTE,Comando da Aeron·utica,,,Cargo,RESIDENCIA E PMM,MEDICO RESIDENTE,60 HORAS SEMANAIS,2025-03-01,2025-03-01,cpf_decoding,,2026-07-23 17:53:56.742603+00:00,Medicos Residentes - Ministerio da Defesa.xlsx - Planilha1.csv,2026-07-23 11:00:49.785299+00:00,,,,,,,,,,,,,,,,,,,,,,,,,,,
66c96533-886c-42ab-aa06-abc49ad55ee1,RAFAEL SOUZA CONCEICAO DA SILVA,***.724.617-**,,346****,MEDICO RESIDENTE,Comando da Aeron·utica,,,Cargo,RESIDENCIA E PMM,MEDICO RESIDENTE,60 HORAS SEMANAIS,2025-03-01,2025-03-01,cpf_decoding,,2026-07-23 17:53:58.372308+00:00,Medicos Residentes - Ministerio da Defesa.xlsx - Planilha1.csv,2026-07-23 11:00:49.785299+00:00,,,,,,,,,,,,,,,,,,,,,,,,,,,
65c733c2-5b75-4c02-b120-7e85bec9fd81,RAFAEL VILHENA CERVINO,***.122.477-**,,352****,MEDICO RESIDENTE,Comando da Aeron·utica,,,Cargo,RESIDENCIA E PMM,MEDICO RESIDENTE,60 HORAS SEMANAIS,2026-03-01,2026-03-01,cpf_decoding,,2026-07-23 17:53:59.456626+00:00,Medicos Residentes - Ministerio da Defesa.xlsx - Planilha1.csv,2026-07-23 11:00:49.785299+00:00,,,,,,,,,,,,,,,,,,,,,,,,,,,
28824b95-a3f8-49b5-9785-1099881b1f14,RAFAELA DE FARIA TINEL,***.728.328-**,,347****,MEDICO RESIDENTE,Comando da Aeron·utica,,,Cargo,RESIDENCIA E PMM,MEDICO RESIDENTE,60 HORAS SEMANAIS,2025-03-01,2025-03-01,cpf_decoding,,2026-07-23 17:54:00.375042+00:00,Medicos Residentes - Ministerio da Defesa.xlsx - Planilha1.csv,2026-07-23 11:00:49.785299+00:00,,,,,,,,,,,,,,,,,,,,,,,,,,,
756a5592-bb39-4f73-954b-fb9745c3827d,RAFAELA REGIS BERARDO CUNHA,***.263.264-**,,352****,MEDICO RESIDENTE,Comando da Aeron·utica,,,Cargo,RESIDENCIA E PMM,MEDICO RESIDENTE,60 HORAS SEMANAIS,2026-03-01,2026-03-01,cpf_decoding,,2026-07-23 17:54:01.925039+00:00,Medicos Residentes - Ministerio da Defesa.xlsx - Planilha1.csv,2026-07-23 11:00:49.785299+00:00,,,,,,,,,,,,,,,,,,,,,,,,,,,
affba045-96f2-4a35-9579-1c71ec7708e4,RAFAELLY SBANO MARTINS,***.721.097-**,,345****,MEDICO RESIDENTE,Comando da Marinha,,,Cargo,RESIDENCIA E PMM,RESIDENCIA MULTIPROFISSIONAL,60 HORAS SEMANAIS,2025-03-01,2025-03-01,cpf_decoding,,2026-07-23 17:54:03.043329+00:00,Medicos Residentes - Ministerio da Defesa.xlsx - Planilha1.csv,2026-07-23 11:00:49.785299+00:00,,,,,,,,,,,,,,,,,,,,,,,,,,,
ef0a273b-6fe1-4c6b-94c6-5996d12f4ffd,RAISSA MAIA SILVA,***.986.247-**,,352****,MEDICO RESIDENTE,Comando da Marinha,,,Cargo,RESIDENCIA E PMM,MEDICO RESIDENTE,60 HORAS SEMANAIS,2026-03-01,2026-03-01,cpf_decoding,,2026-07-23 17:54:04.393184+00:00,Medicos Residentes - Ministerio da Defesa.xlsx - Planilha1.csv,2026-07-23 11:00:49.785299+00:00,,,,,,,,,,,,,,,,,,,,,,,,,,,
3199e56b-bc2f-4317-b355-c281a120d49d,RAPHAEL DE SOUSA DANTAS AZARIAS,***.194.256-**,,439****,MEDICO RESIDENTE,Comando da Aeron·utica,,,Cargo,RESIDENCIA E PMM,MEDICO RESIDENTE,60 HORAS SEMANAIS,2024-03-01,2024-03-01,cpf_decoding,,2026-07-23 17:54:05.863363+00:00,Medicos Residentes - Ministerio da Defesa.xlsx - Planilha1.csv,2026-07-23 11:00:49.785299+00:00,,,,,,,,,,,,,,,,,,,,,,,,,,,
30dea2d3-7b76-4718-b1e5-3561071cb688,RAPHAEL LUAN CARVALHO DE SOUZA,***.011.867-**,,345****,MEDICO RESIDENTE,Comando da Aeron·utica,,,Cargo,RESIDENCIA E PMM,MEDICO RESIDENTE,60 HORAS SEMANAIS,2025-03-01,2025-03-01,cpf_decoding,,2026-07-23 17:54:06.746528+00:00,Medicos Residentes - Ministerio da Defesa.xlsx - Planilha1.csv,2026-07-23 11:00:49.785299+00:00,,,,,,,,,,,,,,,,,,,,,,,,,,,
169c4347-fa2e-4b7d-b9fd-c0c02243692c,RAQUEL DALIA COSTA DA SILVA PAIVA,***.145.157-**,,345****,MEDICO RESIDENTE,Comando da Aeron·utica,,,Cargo,RESIDENCIA E PMM,MEDICO RESIDENTE,60 HORAS SEMANAIS,2025-03-01,2025-03-01,cpf_decoding,,2026-07-23 17:54:07.804302+00:00,Medicos Residentes - Ministerio da Defesa.xlsx - Planilha1.csv,2026-07-23 11:00:49.785299+00:00,,,,,,,,,,,,,,,,,,,,,,,,,,,
26f4d1de-8d90-487b-8556-01e9f4476f15,RAQUEL LEONARDO DA SILVA SANTOS,***.696.337-**,,352****,MEDICO RESIDENTE,Comando da Marinha,,,Cargo,RESIDENCIA E PMM,MEDICO RESIDENTE,60 HORAS SEMANAIS,2026-03-01,2026-03-01,cpf_decoding,,2026-07-23 17:54:08.747047+00:00,Medicos Residentes - Ministerio da Defesa.xlsx - Planilha1.csv,2026-07-23 11:00:49.785299+00:00,,,,,,,,,,,,,,,,,,,,,,,,,,,
5af6f2ce-59cd-4578-9430-8bb46bc3a1b6,RAQUEL RODRIGUES SARLO,***.669.367-**,,352****,MEDICO RESIDENTE,Comando da Marinha,,,Cargo,RESIDENCIA E PMM,MEDICO RESIDENTE,60 HORAS SEMANAIS,2026-03-01,2026-03-01,cpf_decoding,,2026-07-23 17:54:09.819647+00:00,Medicos Residentes - Ministerio da Defesa.xlsx - Planilha1.csv,2026-07-23 11:00:49.785299+00:00,,,,,,,,,,,,,,,,,,,,,,,,,,,
189534dd-1dee-4882-9b9c-edc894852694,RAUL MELO OLIVEIRA,***.556.381-**,,123****,MEDICO RESIDENTE,Comando da Aeron·utica,,,Cargo,RESIDENCIA E PMM,MEDICO RESIDENTE,60 HORAS SEMANAIS,2026-03-01,2026-03-01,cpf_decoding,,2026-07-23 17:54:11.199835+00:00,Medicos Residentes - Ministerio da Defesa.xlsx - Planilha1.csv,2026-07-23 11:00:49.785299+00:00,,,,,,,,,,,,,,,,,,,,,,,,,,,
f8991f13-aa9b-47ba-a1fd-c1c2beb04e62,RENAN TORRES DE CARVALHO,***.314.787-**,,132****,MEDICO RESIDENTE,Comando da Aeron·utica,,,Cargo,RESIDENCIA E PMM,MEDICO RESIDENTE,60 HORAS SEMANAIS,2026-03-01,2026-03-01,cpf_decoding,,2026-07-23 17:54:12.449665+00:00,Medicos Residentes - Ministerio da Defesa.xlsx - Planilha1.csv,2026-07-23 11:00:49.785299+00:00,,,,,,,,,,,,,,,,,,,,,,,,,,,
d50bdef9-4ef9-4bf8-a5de-383412c636f7,RENATA MUNIZ DA CUNHA,***.902.847-**,,345****,MEDICO RESIDENTE,Comando da Marinha,,,Cargo,RESIDENCIA E PMM,MEDICO RESIDENTE,60 HORAS SEMANAIS,2025-03-01,2025-03-01,cpf_decoding,,2026-07-23 17:54:13.428215+00:00,Medicos Residentes - Ministerio da Defesa.xlsx - Planilha1.csv,2026-07-23 11:00:49.785299+00:00,,,,,,,,,,,,,,,,,,,,,,,,,,,
dcd74d52-a518-4429-88cb-071b45b7acef,RICARDO ANTONIO MENDONCA ROSOLEM,***.955.507-**,,346****,MEDICO RESIDENTE,Comando da Aeron·utica,,,Cargo,RESIDENCIA E PMM,MEDICO RESIDENTE,60 HORAS SEMANAIS,2025-03-01,2025-03-01,cpf_decoding,,2026-07-23 17:54:14.750158+00:00,Medicos Residentes - Ministerio da Defesa.xlsx - Planilha1.csv,2026-07-23 11:00:49.785299+00:00,,,,,,,,,,,,,,,,,,,,,,,,,,,
fe2e3465-8136-4d78-9a07-1e8babce0042,ROBERTA VASCONCELLOS SOUZA DE OLIVEIRA,***.003.077-**,,345****,MEDICO RESIDENTE,Comando da Aeron·utica,,,Cargo,RESIDENCIA E PMM,MEDICO RESIDENTE,60 HORAS SEMANAIS,2025-03-01,2025-03-01,cpf_decoding,,2026-07-23 17:54:15.884705+00:00,Medicos Residentes - Ministerio da Defesa.xlsx - Planilha1.csv,2026-07-23 11:00:49.785299+00:00,,,,,,,,,,,,,,,,,,,,,,,,,,,
4837c0c1-d63e-4c48-9671-b8cdaa35d7ee,RODOLFO BARCELLOS CREVELIN,***.791.647-**,,339****,MEDICO RESIDENTE,Comando da Marinha,,,Cargo,RESIDENCIA E PMM,MEDICO RESIDENTE,60 HORAS SEMANAIS,2024-03-01,2024-03-01,cpf_decoding,,2026-07-23 17:54:16.996106+00:00,Medicos Residentes - Ministerio da Defesa.xlsx - Planilha1.csv,2026-07-23 11:00:49.785299+00:00,,,,,,,,,,,,,,,,,,,,,,,,,,,
0fe92ac3-6ac4-4978-b41f-05e1d829fcaf,RODRIGO ANTUNES CRAVEIRO COELHO LOPES,***.393.467-**,,345****,MEDICO RESIDENTE,Comando da Aeron·utica,,,Cargo,RESIDENCIA E PMM,MEDICO RESIDENTE,60 HORAS SEMANAIS,2025-03-01,2025-03-01,cpf_decoding,,2026-07-23 17:54:18.027051+00:00,Medicos Residentes - Ministerio da Defesa.xlsx - Planilha1.csv,2026-07-23 11:00:49.785299+00:00,,,,,,,,,,,,,,,,,,,,,,,,,,,
276b31f5-0932-4880-8189-4ef502198a0e,RODRIGO NASCIMENTO DE SANT ANNA,***.260.967-**,,339****,MEDICO RESIDENTE,Comando da Marinha,,,Cargo,RESIDENCIA E PMM,MEDICO RESIDENTE,60 HORAS SEMANAIS,2024-03-01,2024-03-01,cpf_decoding,,2026-07-23 17:54:19.615136+00:00,Medicos Residentes - Ministerio da Defesa.xlsx - Planilha1.csv,2026-07-23 11:00:49.785299+00:00,,,,,,,,,,,,,,,,,,,,,,,,,,,
59329407-32c0-49da-aeee-044d1c717a43,RODRIGO SACCO SILVA,***.661.627-**,,339****,MEDICO RESIDENTE,Comando da Marinha,,,Cargo,RESIDENCIA E PMM,MEDICO RESIDENTE,60 HORAS SEMANAIS,2024-03-01,2024-03-01,cpf_decoding,,2026-07-23 17:54:20.757035+00:00,Medicos Residentes - Ministerio da Defesa.xlsx - Planilha1.csv,2026-07-23 11:00:49.785299+00:00,,,,,,,,,,,,,,,,,,,,,,,,,,,
eb7d1f82-34ce-47df-a4cd-6285c244f2c2,ROMULO VIEIRA MELLO DE OLIVEIRA,***.109.509-**,,116****,MEDICO RESIDENTE,Comando da Marinha,,,Cargo,RESIDENCIA E PMM,MEDICO RESIDENTE,60 HORAS SEMANAIS,2023-10-27,2023-03-01,cpf_decoding,,2026-07-23 17:54:22.345245+00:00,Medicos Residentes - Ministerio da Defesa.xlsx - Planilha1.csv,2026-07-23 11:00:49.785299+00:00,,,,,,,,,,,,,,,,,,,,,,,,,,,
c783caec-010c-4156-959b-38f56d51ed38,SARA CAROLINE DE CARVALHO MACEDO,***.542.477-**,,345****,MEDICO RESIDENTE,Comando da Marinha,,,Cargo,RESIDENCIA E PMM,MEDICO RESIDENTE,60 HORAS SEMANAIS,2025-03-01,2025-03-01,cpf_decoding,,2026-07-23 17:54:23.475641+00:00,Medicos Residentes - Ministerio da Defesa.xlsx - Planilha1.csv,2026-07-23 11:00:49.785299+00:00,,,,,,,,,,,,,,,,,,,,,,,,,,,
41f43025-e9fc-4f3d-9e00-0a5d121e0f21,SARA HERDY ALONSO,***.007.747-**,,345****,MEDICO RESIDENTE,Comando da Marinha,,,Cargo,RESIDENCIA E PMM,MEDICO RESIDENTE,60 HORAS SEMANAIS,2025-03-01,2025-03-01,cpf_decoding,,2026-07-23 17:54:24.331383+00:00,Medicos Residentes - Ministerio da Defesa.xlsx - Planilha1.csv,2026-07-23 11:00:49.785299+00:00,,,,,,,,,,,,,,,,,,,,,,,,,,,
3a96d429-4c77-423c-8fb2-cb6a3659902c,SARAH KELLY PAIM RESENDE,***.768.296-**,,352****,MEDICO RESIDENTE,Comando da Aeron·utica,,,Cargo,RESIDENCIA E PMM,MEDICO RESIDENTE,60 HORAS SEMANAIS,2026-03-01,2026-03-01,cpf_decoding,,2026-07-23 17:54:25.224288+00:00,Medicos Residentes - Ministerio da Defesa.xlsx - Planilha1.csv,2026-07-23 11:00:49.785299+00:00,,,,,,,,,,,,,,,,,,,,,,,,,,,
891a8f0d-a1a1-4250-9ecf-f8e38adaa329,SARAH MENDES DE LIMA,***.284.476-**,,252****,MEDICO RESIDENTE,Comando da Aeron·utica,,,Cargo,RESIDENCIA E PMM,MEDICO RESIDENTE,60 HORAS SEMANAIS,2026-03-01,2026-03-01,cpf_decoding,,2026-07-23 17:54:26.713207+00:00,Medicos Residentes - Ministerio da Defesa.xlsx - Planilha1.csv,2026-07-23 11:00:49.785299+00:00,,,,,,,,,,,,,,,,,,,,,,,,,,,
d2cce945-35f1-49bc-a3dc-7df3876a33bf,SAULO SALLES MENDES,***.627.717-**,,345****,MEDICO RESIDENTE,Comando da Marinha,,,Cargo,RESIDENCIA E PMM,MEDICO RESIDENTE,60 HORAS SEMANAIS,2025-03-01,2025-03-01,cpf_decoding,,2026-07-23 17:54:27.587435+00:00,Medicos Residentes - Ministerio da Defesa.xlsx - Planilha1.csv,2026-07-23 11:00:49.785299+00:00,,,,,,,,,,,,,,,,,,,,,,,,,,,
6e7a3279-d00a-40b7-bce3-428088faf64d,STEPHANNIE FREITAS MIRANDA E SOUZA,***.573.726-**,,346****,MEDICO RESIDENTE,Comando da Aeron·utica,,,Cargo,RESIDENCIA E PMM,MEDICO RESIDENTE,60 HORAS SEMANAIS,2025-03-01,2025-03-01,cpf_decoding,,2026-07-23 17:54:29.015858+00:00,Medicos Residentes - Ministerio da Defesa.xlsx - Planilha1.csv,2026-07-23 11:00:49.785299+00:00,,,,,,,,,,,,,,,,,,,,,,,,,,,
ef401423-6d56-4453-a8f7-a380edd559ac,STEPHANY BERTONE MAZALI,***.267.975-**,,352****,MEDICO RESIDENTE,Comando da Marinha,,,Cargo,RESIDENCIA E PMM,MEDICO RESIDENTE,60 HORAS SEMANAIS,2026-03-01,2026-03-01,cpf_decoding,,2026-07-23 17:54:30.081834+00:00,Medicos Residentes - Ministerio da Defesa.xlsx - Planilha1.csv,2026-07-23 11:00:49.785299+00:00,,,,,,,,,,,,,,,,,,,,,,,,,,,
fbd3429c-9b28-4726-895f-6a677ef38be7,TAINA ARAUJO BRAZ PINTO,***.181.427-**,,345****,MEDICO RESIDENTE,Comando da Marinha,,,Cargo,RESIDENCIA E PMM,RESIDENCIA MULTIPROFISSIONAL,60 HORAS SEMANAIS,2025-03-01,2025-03-01,cpf_decoding,,2026-07-23 17:54:31.464910+00:00,Medicos Residentes - Ministerio da Defesa.xlsx - Planilha1.csv,2026-07-23 11:00:49.785299+00:00,,,,,,,,,,,,,,,,,,,,,,,,,,,
503329dd-e775-492f-83b4-08141e6d6dcb,TAYNA ANDRADE FRACASSIO,***.767.947-**,,352****,MEDICO RESIDENTE,Comando da Aeron·utica,,,Cargo,RESIDENCIA E PMM,MEDICO RESIDENTE,60 HORAS SEMANAIS,2026-03-01,2026-03-01,cpf_decoding,,2026-07-23 17:54:32.684326+00:00,Medicos Residentes - Ministerio da Defesa.xlsx - Planilha1.csv,2026-07-23 11:00:49.785299+00:00,,,,,,,,,,,,,,,,,,,,,,,,,,,
02d10358-dea3-43cb-8a11-ea480c8d9310,THADEU ARAGAO BARROSO DE PINHO,***.987.047-**,,133****,MEDICO RESIDENTE,Comando da Marinha,,,Cargo,RESIDENCIA E PMM,MEDICO RESIDENTE,60 HORAS SEMANAIS,2026-03-01,2026-03-01,cpf_decoding,,2026-07-23 17:54:33.785058+00:00,Medicos Residentes - Ministerio da Defesa.xlsx - Planilha1.csv,2026-07-23 11:00:49.785299+00:00,,,,,,,,,,,,,,,,,,,,,,,,,,,
b8ba809b-5ba5-4d39-aff8-955a270bdeaa,THAIS OLIVEIRA DOS SANTOS,***.728.037-**,,340****,MEDICO RESIDENTE,Comando da Marinha,,,Cargo,RESIDENCIA E PMM,MEDICO RESIDENTE,60 HORAS SEMANAIS,2024-03-01,2024-03-01,cpf_decoding,,2026-07-23 17:54:35.393163+00:00,Medicos Residentes - Ministerio da Defesa.xlsx - Planilha1.csv,2026-07-23 11:00:49.785299+00:00,,,,,,,,,,,,,,,,,,,,,,,,,,,
dd779069-f8f9-47d8-8052-8aad7198ccb9,THAISA CALIL CARNEIRO FONTES,***.449.977-**,,340****,MEDICO RESIDENTE,Comando da Marinha,,,Cargo,RESIDENCIA E PMM,MEDICO RESIDENTE,60 HORAS SEMANAIS,2024-03-01,2024-03-01,cpf_decoding,,2026-07-23 17:54:36.315821+00:00,Medicos Residentes - Ministerio da Defesa.xlsx - Planilha1.csv,2026-07-23 11:00:49.785299+00:00,,,,,,,,,,,,,,,,,,,,,,,,,,,
ed0d2429-d4fa-4917-ace3-3e758903e38f,THALLES SIMOES RUBACK,***.863.587-**,,133****,MEDICO RESIDENTE,Comando da Aeron·utica,,,Cargo,RESIDENCIA E PMM,MEDICO RESIDENTE,60 HORAS SEMANAIS,2026-03-01,2026-03-01,cpf_decoding,,2026-07-23 17:54:37.552364+00:00,Medicos Residentes - Ministerio da Defesa.xlsx - Planilha1.csv,2026-07-23 11:00:49.785299+00:00,,,,,,,,,,,,,,,,,,,,,,,,,,,
96835653-2fca-4c9e-b12c-d4a145192ac6,THIAGO ALTINO LACERDA PINTO,***.966.217-**,,352****,MEDICO RESIDENTE,Comando da Marinha,,,Cargo,RESIDENCIA E PMM,MEDICO RESIDENTE,60 HORAS SEMANAIS,2026-03-01,2026-03-01,cpf_decoding,,2026-07-23 17:54:38.670289+00:00,Medicos Residentes - Ministerio da Defesa.xlsx - Planilha1.csv,2026-07-23 11:00:49.785299+00:00,,,,,,,,,,,,,,,,,,,,,,,,,,,
8ad9f875-18b7-4e20-a44c-3e3297fd5067,TIAGO KABBAZ DE MELLO VIEIRA,***.937.997-**,,345****,MEDICO RESIDENTE,Comando da Aeron·utica,,,Cargo,RESIDENCIA E PMM,MEDICO RESIDENTE,60 HORAS SEMANAIS,2025-03-01,2025-03-01,cpf_decoding,,2026-07-23 17:54:39.815664+00:00,Medicos Residentes - Ministerio da Defesa.xlsx - Planilha1.csv,2026-07-23 11:00:49.785299+00:00,,,,,,,,,,,,,,,,,,,,,,,,,,,
82143236-c127-44a3-82f8-35d071cd3e3a,ULISSES RODRIGUES DIAS FILHO,***.390.867-**,,333****,MEDICO RESIDENTE,Comando da Aeron·utica,,,Cargo,RESIDENCIA E PMM,MEDICO RESIDENTE,60 HORAS SEMANAIS,2023-03-01,2023-03-01,cpf_decoding,,2026-07-23 17:54:40.764806+00:00,Medicos Residentes - Ministerio da Defesa.xlsx - Planilha1.csv,2026-07-23 11:00:49.785299+00:00,,,,,,,,,,,,,,,,,,,,,,,,,,,
b9df0bcc-5725-4579-a6df-2b4657dc36bf,VALESKA MAGALHAES RIBEIRO,***.097.763-**,,347****,MEDICO RESIDENTE,Comando da Aeron·utica,,,Cargo,RESIDENCIA E PMM,MEDICO RESIDENTE,60 HORAS SEMANAIS,2025-03-01,2025-03-01,cpf_decoding,,2026-07-23 17:54:42.241204+00:00,Medicos Residentes - Ministerio da Defesa.xlsx - Planilha1.csv,2026-07-23 11:00:49.785299+00:00,,,,,,,,,,,,,,,,,,,,,,,,,,,
91c34e57-68c8-447f-bf87-0b655a8072e4,VICTOR BARROS ROLIM,***.517.207-**,,346****,MEDICO RESIDENTE,Comando da Marinha,,,Cargo,RESIDENCIA E PMM,MEDICO RESIDENTE,60 HORAS SEMANAIS,2025-03-01,2025-03-01,cpf_decoding,,2026-07-23 17:54:43.872684+00:00,Medicos Residentes - Ministerio da Defesa.xlsx - Planilha1.csv,2026-07-23 11:00:49.785299+00:00,,,,,,,,,,,,,,,,,,,,,,,,,,,
bf67efa3-3515-4ec5-8825-a968ffa4db96,VICTOR GODINHO GALINA,***.242.847-**,,340****,MEDICO RESIDENTE,Comando da Marinha,,,Cargo,RESIDENCIA E PMM,MEDICO RESIDENTE,60 HORAS SEMANAIS,2024-03-01,2024-03-01,cpf_decoding,,2026-07-23 17:54:44.769254+00:00,Medicos Residentes - Ministerio da Defesa.xlsx - Planilha1.csv,2026-07-23 11:00:49.785299+00:00,,,,,,,,,,,,,,,,,,,,,,,,,,,
92bd2556-3bb3-4035-9102-34ebde1d049d,VICTOR MARTINS FERREIRA,***.256.887-**,,339****,MEDICO RESIDENTE,Comando da Marinha,,,Cargo,RESIDENCIA E PMM,MEDICO RESIDENTE,60 HORAS SEMANAIS,2024-03-01,2024-03-01,cpf_decoding,,2026-07-23 17:54:45.731196+00:00,Medicos Residentes - Ministerio da Defesa.xlsx - Planilha1.csv,2026-07-23 11:00:49.785299+00:00,,,,,,,,,,,,,,,,,,,,,,,,,,,
e329b037-2f12-4a8e-91a0-7a17d3106310,VICTOR PERRUCHO PIERONI,***.113.907-**,,122****,MEDICO RESIDENTE,Comando da Aeron·utica,,,Cargo,RESIDENCIA E PMM,MEDICO RESIDENTE,60 HORAS SEMANAIS,2025-03-01,2025-03-01,cpf_decoding,,2026-07-23 17:54:47.298165+00:00,Medicos Residentes - Ministerio da Defesa.xlsx - Planilha1.csv,2026-07-23 11:00:49.785299+00:00,,,,,,,,,,,,,,,,,,,,,,,,,,,
40ab4920-cef0-4117-acdd-7530e9af37b1,VICTOR RAMOS BRAGA,***.391.741-**,,346****,MEDICO RESIDENTE,Comando da Aeron·utica,,,Cargo,RESIDENCIA E PMM,MEDICO RESIDENTE,60 HORAS SEMANAIS,2025-03-01,2025-03-01,cpf_decoding,,2026-07-23 17:54:48.181423+00:00,Medicos Residentes - Ministerio da Defesa.xlsx - Planilha1.csv,2026-07-23 11:00:49.785299+00:00,,,,,,,,,,,,,,,,,,,,,,,,,,,
1fd04a26-5813-4b7d-a66c-5fc75bff15bd,VICTOR SANZ DE ALEXANDRE VENANCIO,***.352.017-**,,352****,MEDICO RESIDENTE,Comando da Marinha,,,Cargo,RESIDENCIA E PMM,MEDICO RESIDENTE,60 HORAS SEMANAIS,2026-03-01,2026-03-01,cpf_decoding,,2026-07-23 17:54:49.775195+00:00,Medicos Residentes - Ministerio da Defesa.xlsx - Planilha1.csv,2026-07-23 11:00:49.785299+00:00,,,,,,,,,,,,,,,,,,,,,,,,,,,
4eefa3fe-0132-45dd-9ecf-54d6b3418847,VINICIUS GABRIEL COUTINHO COSTA,***.062.111-**,,345****,MEDICO RESIDENTE,Comando da Aeron·utica,,,Cargo,RESIDENCIA E PMM,MEDICO RESIDENTE,60 HORAS SEMANAIS,2025-03-01,2025-03-01,cpf_decoding,,2026-07-23 17:54:50.664003+00:00,Medicos Residentes - Ministerio da Defesa.xlsx - Planilha1.csv,2026-07-23 11:00:49.785299+00:00,,,,,,,,,,,,,,,,,,,,,,,,,,,
2d788b1a-6833-4cf1-9b27-5f1015e84579,VINICIUS LOURES DE OLIVEIRA,***.151.026-**,,340****,MEDICO RESIDENTE,Comando da Marinha,,,Cargo,RESIDENCIA E PMM,MEDICO RESIDENTE,60 HORAS SEMANAIS,2024-03-01,2024-03-01,cpf_decoding,,2026-07-23 17:54:51.698389+00:00,Medicos Residentes - Ministerio da Defesa.xlsx - Planilha1.csv,2026-07-23 11:00:49.785299+00:00,,,,,,,,,,,,,,,,,,,,,,,,,,,
5a8a7e94-df77-41ea-a401-e4c3e986429c,VINICIUS VERBICARIO BOTELHO DA COSTA,***.505.087-**,,352****,MEDICO RESIDENTE,Comando da Marinha,,,Cargo,RESIDENCIA E PMM,MEDICO RESIDENTE,60 HORAS SEMANAIS,2026-03-01,2026-03-01,cpf_decoding,,2026-07-23 17:54:53.024917+00:00,Medicos Residentes - Ministerio da Defesa.xlsx - Planilha1.csv,2026-07-23 11:00:49.785299+00:00,,,,,,,,,,,,,,,,,,,,,,,,,,,
64785be7-ae16-45e4-8255-ba7afecb5a39,VITHORIA VIDOTTI NEVES,***.404.667-**,,346****,MEDICO RESIDENTE,Comando da Marinha,,,Cargo,RESIDENCIA E PMM,MEDICO RESIDENTE,60 HORAS SEMANAIS,2025-03-01,2025-03-01,cpf_decoding,,2026-07-23 17:54:54.127089+00:00,Medicos Residentes - Ministerio da Defesa.xlsx - Planilha1.csv,2026-07-23 11:00:49.785299+00:00,,,,,,,,,,,,,,,,,,,,,,,,,,,
77790dc1-084c-40d5-a8e3-d8ff7ec2faa8,VITORIA VEIGA DELUIZ,***.271.827-**,,345****,MEDICO RESIDENTE,Comando da Aeron·utica,,,Cargo,RESIDENCIA E PMM,MEDICO RESIDENTE,60 HORAS SEMANAIS,2025-03-01,2025-03-01,cpf_decoding,,2026-07-23 17:54:55.278751+00:00,Medicos Residentes - Ministerio da Defesa.xlsx - Planilha1.csv,2026-07-23 11:00:49.785299+00:00,,,,,,,,,,,,,,,,,,,,,,,,,,,
eecae96f-fb62-4dd9-aea7-0fcd0cfa07e1,VITTORIA SILVERIO MACHADO,***.213.907-**,,340****,MEDICO RESIDENTE,Comando da Marinha,,,Cargo,RESIDENCIA E PMM,MEDICO RESIDENTE,60 HORAS SEMANAIS,2024-03-01,2024-03-01,cpf_decoding,,2026-07-23 17:54:56.358031+00:00,Medicos Residentes - Ministerio da Defesa.xlsx - Planilha1.csv,2026-07-23 11:00:49.785299+00:00,,,,,,,,,,,,,,,,,,,,,,,,,,,
6d19065c-9d46-4db5-8581-1bd869cf3781,WESLLEY NUNES TELES,***.617.277-**,,352****,MEDICO RESIDENTE,Comando da Marinha,,,Cargo,RESIDENCIA E PMM,MEDICO RESIDENTE,60 HORAS SEMANAIS,2026-03-01,2026-03-01,cpf_decoding,,2026-07-23 17:54:57.603706+00:00,Medicos Residentes - Ministerio da Defesa.xlsx - Planilha1.csv,2026-07-23 11:00:49.785299+00:00,,,,,,,,,,,,,,,,,,,,,,,,,,,
978b0358-7a53-423b-ab0e-a8985de69ed1,WIVIAN LOPES DO ESPIRITO SANTO,***.809.577-**,,339****,MEDICO RESIDENTE,Comando da Marinha,,,Cargo,RESIDENCIA E PMM,MEDICO RESIDENTE,60 HORAS SEMANAIS,2024-03-01,2024-03-01,cpf_decoding,,2026-07-23 17:54:58.537818+00:00,Medicos Residentes - Ministerio da Defesa.xlsx - Planilha1.csv,2026-07-23 11:00:49.785299+00:00,,,,,,,,,,,,,,,,,,,,,,,,,,,
